{
  "config": {
    "run_name": "exp1_2_L8_K256",
    "out_dir": "./results",
    "seed": 968803211,
    "device": null,
    "bs_train": 128,
    "bs_test": 32,
    "batches": 150,
    "epochs": 70,
    "early_stopping": 5,
    "checkpoints": null,
    "lr": 0.001,
    "reg": 0.001,
    "filters_per_layer": [
      256
    ],
    "pool_every": 4,
    "hidden_dims": [
      100,
      100
    ],
    "model_type": "cnn",
    "pooling_params": {
      "kernel_size": 2
    },
    "conv_params": {
      "kernel_size": 3,
      "stride": 1,
      "padding": 1
    },
    "activation_type": "lrelu",
    "activation_params": {
      "negative_slope": 0.05
    },
    "pooling_type": "max",
    "kw": {},
    "layers_per_block": 8
  },
  "results": {
    "num_epochs": 17,
    "train_loss": [
      2.3038604259490967,
      2.3033714294433594,
      2.3030588626861572,
      2.302854537963867,
      2.302720069885254,
      2.3026316165924072,
      2.3025734424591064,
      2.30253529548645,
      2.302509307861328,
      2.302492141723633,
      2.3024802207946777,
      2.3024725914001465,
      2.3024673461914062,
      2.3024628162384033,
      2.3024604320526123,
      2.3024585247039795,
      2.302457571029663
    ],
    "train_acc": [
      9.890625,
      9.890625,
      9.890625,
      9.890625,
      9.890625,
      9.890625,
      9.885416984558105,
      10.192708969116211,
      10.192708969116211,
      10.083333969116211,
      9.744791984558105,
      9.973958969116211,
      10.239583969116211,
      10.239583969116211,
      10.239583969116211,
      10.239583969116211,
      10.239583969116211
    ],
    "test_loss": [
      2.303090810775757,
      2.302821397781372,
      2.302666187286377,
      2.302578926086426,
      2.3025333881378174,
      2.3025131225585938,
      2.302506923675537,
      2.302509069442749,
      2.3025152683258057,
      2.302522897720337,
      2.3025312423706055,
      2.302539110183716,
      2.3025474548339844,
      2.302554130554199,
      2.3025596141815186,
      2.3025643825531006,
      2.3025686740875244
    ],
    "test_acc": [
      9.916666666666666,
      9.916666666666666,
      9.916666666666666,
      9.916666666666666,
      9.916666666666666,
      9.916666666666666,
      10.375,
      10.375,
      10.375,
      10.375,
      10.375,
      9.895833333333334,
      9.895833333333334,
      9.895833333333334,
      9.895833333333334,
      9.895833333333334
    ]
  }
}