{
  "config": {
    "run_name": "exp1_2_L2_K128",
    "out_dir": "./results",
    "seed": 1044300304,
    "device": null,
    "bs_train": 128,
    "bs_test": 32,
    "batches": 150,
    "epochs": 70,
    "early_stopping": 5,
    "checkpoints": null,
    "lr": 0.001,
    "reg": 0.001,
    "filters_per_layer": [
      128
    ],
    "pool_every": 4,
    "hidden_dims": [
      100,
      100
    ],
    "model_type": "cnn",
    "pooling_params": {
      "kernel_size": 2
    },
    "conv_params": {
      "kernel_size": 3,
      "stride": 1,
      "padding": 1
    },
    "activation_type": "lrelu",
    "activation_params": {
      "negative_slope": 0.05
    },
    "pooling_type": "max",
    "kw": {},
    "layers_per_block": 2
  },
  "results": {
    "num_epochs": 54,
    "train_loss": [
      2.2751615047454834,
      2.1151435375213623,
      1.939372181892395,
      1.8701114654541016,
      1.8175506591796875,
      1.76556396484375,
      1.7150872945785522,
      1.6674392223358154,
      1.6281720399856567,
      1.593361735343933,
      1.5633684396743774,
      1.5361192226409912,
      1.5118749141693115,
      1.488768458366394,
      1.4660950899124146,
      1.4446178674697876,
      1.424105167388916,
      1.4034740924835205,
      1.3834704160690308,
      1.3626095056533813,
      1.3422505855560303,
      1.321996808052063,
      1.3023724555969238,
      1.2835891246795654,
      1.265649676322937,
      1.2470077276229858,
      1.2291706800460815,
      1.2116680145263672,
      1.1945796012878418,
      1.1749687194824219,
      1.154306173324585,
      1.1332330703735352,
      1.1116089820861816,
      1.0896620750427246,
      1.0669296979904175,
      1.0443415641784668,
      1.0214241743087769,
      0.997065007686615,
      0.9720999002456665,
      0.9476438164710999,
      0.922407865524292,
      0.8965078592300415,
      0.8712669014930725,
      0.8449790477752686,
      0.8184309601783752,
      0.7920441031455994,
      0.7655086517333984,
      0.7389494776725769,
      0.7134854793548584,
      0.6906816363334656,
      0.6776034235954285,
      0.6710121631622314,
      0.6364272236824036,
      0.5984118580818176
    ],
    "train_acc": [
      14.796875,
      22.859375,
      30.416667938232422,
      33.35416793823242,
      35.52604293823242,
      37.54166793823242,
      39.161460876464844,
      40.609375,
      41.6875,
      42.895835876464844,
      44.015625,
      44.895835876464844,
      45.734375,
      46.614585876464844,
      47.546875,
      48.348960876464844,
      49.24479293823242,
      50.036460876464844,
      50.74479293823242,
      51.484375,
      52.33854293823242,
      53.145835876464844,
      53.770835876464844,
      54.515625,
      55.317710876464844,
      55.97916793823242,
      56.65625,
      57.30729293823242,
      57.927085876464844,
      58.71354293823242,
      59.458335876464844,
      60.15625,
      60.76041793823242,
      61.552085876464844,
      62.484375,
      63.333335876464844,
      64.30208587646484,
      65.16667175292969,
      66.17708587646484,
      67.08854675292969,
      68.14583587646484,
      69.14583587646484,
      70.16667175292969,
      71.09896087646484,
      72.3125,
      73.33333587646484,
      74.45833587646484,
      75.39583587646484,
      76.34896087646484,
      77.27083587646484,
      77.46354675292969,
      77.50521087646484,
      79.13542175292969,
      80.66667175292969
    ],
    "test_loss": [
      2.2205348014831543,
      1.9970812797546387,
      1.8846458196640015,
      1.8340073823928833,
      1.7820333242416382,
      1.737173080444336,
      1.695271611213684,
      1.6448661088943481,
      1.6062015295028687,
      1.5806721448898315,
      1.5607470273971558,
      1.5488874912261963,
      1.5371674299240112,
      1.520888090133667,
      1.5031102895736694,
      1.4910670518875122,
      1.4745632410049438,
      1.457931637763977,
      1.4416484832763672,
      1.4268711805343628,
      1.4132027626037598,
      1.3985939025878906,
      1.3874239921569824,
      1.3748540878295898,
      1.3652958869934082,
      1.3545193672180176,
      1.345839023590088,
      1.338739275932312,
      1.3288909196853638,
      1.3244119882583618,
      1.3189597129821777,
      1.315403699874878,
      1.311463475227356,
      1.308115839958191,
      1.3036105632781982,
      1.302461862564087,
      1.3030754327774048,
      1.301528811454773,
      1.2983512878417969,
      1.3020161390304565,
      1.3027467727661133,
      1.3061552047729492,
      1.3108981847763062,
      1.3206485509872437,
      1.325546383857727,
      1.3376884460449219,
      1.3442177772521973,
      1.3559753894805908,
      1.3759266138076782,
      1.3900166749954224,
      1.4362692832946777,
      1.4454492330551147,
      1.4711651802062988,
      1.516308069229126
    ],
    "test_acc": [
      17.979166666666668,
      26.604166666666668,
      32.520833333333336,
      34.541666666666664,
      36.458333333333336,
      38.145833333333336,
      39.541666666666664,
      41.291666666666664,
      42.020833333333336,
      43.166666666666664,
      44.083333333333336,
      44.75,
      44.9375,
      45.645833333333336,
      45.9375,
      46.375,
      46.958333333333336,
      47.770833333333336,
      48.270833333333336,
      48.895833333333336,
      49.270833333333336,
      49.9375,
      50.4375,
      50.979166666666664,
      51.416666666666664,
      51.75,
      52.145833333333336,
      52.520833333333336,
      52.895833333333336,
      53.0625,
      53.291666666666664,
      53.395833333333336,
      53.333333333333336,
      53.9375,
      53.875,
      53.979166666666664,
      54.3125,
      54.541666666666664,
      54.875,
      54.916666666666664,
      54.916666666666664,
      55.083333333333336,
      55.104166666666664,
      55.0625,
      55.0625,
      54.958333333333336,
      55.166666666666664,
      55.458333333333336,
      55.125,
      55.020833333333336,
      54.708333333333336,
      54.3125,
      54.270833333333336
    ]
  }
}