{
  "config": {
    "run_name": "exp1_1_L16_K64",
    "out_dir": "./results",
    "seed": 1404054487,
    "device": null,
    "bs_train": 128,
    "bs_test": 32,
    "batches": 150,
    "epochs": 70,
    "early_stopping": 5,
    "checkpoints": null,
    "lr": 0.001,
    "reg": 0.001,
    "filters_per_layer": [
      64
    ],
    "pool_every": 4,
    "hidden_dims": [
      100,
      100
    ],
    "model_type": "cnn",
    "pooling_params": {
      "kernel_size": 2
    },
    "conv_params": {
      "kernel_size": 3,
      "stride": 1,
      "padding": 1
    },
    "activation_type": "lrelu",
    "activation_params": {
      "negative_slope": 0.05
    },
    "pooling_type": "max",
    "kw": {},
    "layers_per_block": 16
  },
  "results": {
    "num_epochs": 70,
    "train_loss": [
      2.3045856952667236,
      2.303863286972046,
      2.303386926651001,
      2.3030736446380615,
      2.302865982055664,
      2.3027281761169434,
      2.3026368618011475,
      2.3025765419006348,
      2.302536964416504,
      2.3025102615356445,
      2.302492380142212,
      2.3024797439575195,
      2.30247163772583,
      2.302467107772827,
      2.3024632930755615,
      2.3024604320526123,
      2.3024590015411377,
      2.3024582862854004,
      2.302457332611084,
      2.302456855773926,
      2.3024563789367676,
      2.3024561405181885,
      2.3024556636810303,
      2.3024556636810303,
      2.3024561405181885,
      2.3024556636810303,
      2.3024559020996094,
      2.3024561405181885,
      2.3024561405181885,
      2.3024561405181885,
      2.3024556636810303,
      2.3024556636810303,
      2.3024556636810303,
      2.302455186843872,
      2.302455186843872,
      2.302455186843872,
      2.302455186843872,
      2.302455186843872,
      2.302455186843872,
      2.302454948425293,
      2.302454948425293,
      2.302454948425293,
      2.302454948425293,
      2.302454948425293,
      2.302454948425293,
      2.302454948425293,
      2.302454948425293,
      2.302454948425293,
      2.302454948425293,
      2.302454948425293,
      2.302454948425293,
      2.302454948425293,
      2.302454948425293,
      2.302454948425293,
      2.302454948425293,
      2.302454948425293,
      2.302454948425293,
      2.302454948425293,
      2.302454710006714,
      2.302454710006714,
      2.302454710006714,
      2.302454710006714,
      2.302454710006714,
      2.302454710006714,
      2.302454710006714,
      2.302454710006714,
      2.302454710006714,
      2.302454710006714,
      2.302454710006714,
      2.3024542331695557
    ],
    "train_acc": [
      10.098958969116211,
      10.098958969116211,
      10.098958969116211,
      10.098958969116211,
      10.067708969116211,
      10.239583969116211,
      10.239583969116211,
      10.239583969116211,
      10.239583969116211,
      10.239583969116211,
      10.239583969116211,
      10.239583969116211,
      10.239583969116211,
      10.239583969116211,
      10.239583969116211,
      10.239583969116211,
      10.239583969116211,
      10.239583969116211,
      10.239583969116211,
      10.239583969116211,
      10.239583969116211,
      10.239583969116211,
      10.239583969116211,
      10.239583969116211,
      10.239583969116211,
      10.239583969116211,
      10.239583969116211,
      10.239583969116211,
      10.239583969116211,
      10.239583969116211,
      10.239583969116211,
      10.239583969116211,
      10.239583969116211,
      10.239583969116211,
      10.239583969116211,
      10.239583969116211,
      10.239583969116211,
      10.239583969116211,
      10.239583969116211,
      10.239583969116211,
      10.239583969116211,
      10.239583969116211,
      10.239583969116211,
      10.239583969116211,
      10.239583969116211,
      10.239583969116211,
      10.239583969116211,
      10.239583969116211,
      10.239583969116211,
      10.239583969116211,
      10.239583969116211,
      10.239583969116211,
      10.239583969116211,
      10.239583969116211,
      10.239583969116211,
      10.239583969116211,
      10.239583969116211,
      10.239583969116211,
      10.239583969116211,
      10.239583969116211,
      10.239583969116211,
      10.239583969116211,
      10.239583969116211,
      10.239583969116211,
      10.239583969116211,
      10.239583969116211,
      10.239583969116211,
      10.239583969116211,
      10.239583969116211,
      10.239583969116211
    ],
    "test_loss": [
      2.304647207260132,
      2.3039963245391846,
      2.303560495376587,
      2.3032641410827637,
      2.3030624389648438,
      2.302924394607544,
      2.302830457687378,
      2.3027641773223877,
      2.3027188777923584,
      2.302685260772705,
      2.3026633262634277,
      2.3026459217071533,
      2.302633285522461,
      2.302624464035034,
      2.302617311477661,
      2.302612543106079,
      2.302608013153076,
      2.302605628967285,
      2.3026037216186523,
      2.3026013374328613,
      2.3025999069213867,
      2.3025989532470703,
      2.302598714828491,
      2.302597761154175,
      2.3025970458984375,
      2.302596092224121,
      2.3025963306427,
      2.3025963306427,
      2.302595376968384,
      2.3025951385498047,
      2.3025944232940674,
      2.3025949001312256,
      2.3025951385498047,
      2.3025941848754883,
      2.3025944232940674,
      2.302593946456909,
      2.3025941848754883,
      2.3025944232940674,
      2.3025944232940674,
      2.3025946617126465,
      2.3025946617126465,
      2.3025944232940674,
      2.3025946617126465,
      2.3025941848754883,
      2.3025946617126465,
      2.3025949001312256,
      2.3025944232940674,
      2.3025944232940674,
      2.3025944232940674,
      2.3025946617126465,
      2.3025946617126465,
      2.3025944232940674,
      2.3025941848754883,
      2.3025944232940674,
      2.3025944232940674,
      2.3025941848754883,
      2.3025941848754883,
      2.3025941848754883,
      2.3025944232940674,
      2.3025941848754883,
      2.3025944232940674,
      2.3025941848754883,
      2.3025941848754883,
      2.3025946617126465,
      2.3025941848754883,
      2.3025941848754883,
      2.3025941848754883,
      2.30259370803833,
      2.3025941848754883,
      2.3025941848754883
    ],