{
  "config": {
    "run_name": "exp1_1_L16_K32",
    "out_dir": "./results",
    "seed": 2064679342,
    "device": null,
    "bs_train": 128,
    "bs_test": 32,
    "batches": 150,
    "epochs": 70,
    "early_stopping": 5,
    "checkpoints": null,
    "lr": 0.001,
    "reg": 0.001,
    "filters_per_layer": [
      32
    ],
    "pool_every": 4,
    "hidden_dims": [
      100,
      100
    ],
    "model_type": "cnn",
    "pooling_params": {
      "kernel_size": 2
    },
    "conv_params": {
      "kernel_size": 3,
      "stride": 1,
      "padding": 1
    },
    "activation_type": "lrelu",
    "activation_params": {
      "negative_slope": 0.05
    },
    "pooling_type": "max",
    "kw": {},
    "layers_per_block": 16
  },
  "results": {
    "num_epochs": 22,
    "train_loss": [
      2.304377555847168,
      2.3037784099578857,
      2.303366184234619,
      2.303083896636963,
      2.302889823913574,
      2.3027572631835938,
      2.302664279937744,
      2.302600622177124,
      2.3025567531585693,
      2.302525520324707,
      2.3025052547454834,
      2.302490472793579,
      2.3024797439575195,
      2.302473545074463,
      2.3024682998657227,
      2.302464485168457,
      2.302462577819824,
      2.3024604320526123,
      2.3024590015411377,
      2.3024585247039795,
      2.3024580478668213,
      2.302456855773926
    ],
    "train_acc": [
      10.036458969116211,
      10.036458969116211,
      10.036458969116211,
      9.895833969116211,
      10.192708969116211,
      10.192708969116211,
      10.192708969116211,
      10.192708969116211,
      10.192708969116211,
      10.192708969116211,
      10.192708969116211,
      10.192708969116211,
      10.192708969116211,
      10.192708969116211,
      10.09375,
      10.0,
      9.859375,
      10.239583969116211,
      10.239583969116211,
      10.239583969116211,
      10.239583969116211,
      10.239583969116211
    ],
    "test_loss": [
      2.3041610717773438,
      2.3036813735961914,
      2.3033523559570312,
      2.303126335144043,
      2.302969455718994,
      2.3028616905212402,
      2.3027851581573486,
      2.3027329444885254,
      2.3026955127716064,
      2.302668571472168,
      2.30264949798584,
      2.30263614654541,
      2.302626848220825,
      2.3026185035705566,
      2.3026137351989746,
      2.3026092052459717,
      2.3026065826416016,
      2.302603006362915,
      2.3026018142700195,
      2.302600145339966,
      2.302598237991333,
      2.302598237991333
    ],
    "test_acc": [
      10.291666666666666,
      10.291666666666666,
      10.291666666666666,
      10.375,
      10.375,
      10.375,
      10.375,
      10.375,
      10.375,
      10.375,
      10.375,
      10.375,
      10.375,
      10.375,
      10.375,
      10.375,
      9.895833333333334,
      9.895833333333334,
      9.895833333333334,
      9.895833333333334,
      9.895833333333334
    ]
  }
}