{
  "config": {
    "run_name": "exp1_2_L4_K64",
    "out_dir": "./results",
    "seed": 2049507393,
    "device": null,
    "bs_train": 128,
    "bs_test": 32,
    "batches": 150,
    "epochs": 70,
    "early_stopping": 5,
    "checkpoints": null,
    "lr": 0.001,
    "reg": 0.001,
    "filters_per_layer": [
      64
    ],
    "pool_every": 4,
    "hidden_dims": [
      100,
      100
    ],
    "model_type": "cnn",
    "pooling_params": {
      "kernel_size": 2
    },
    "conv_params": {
      "kernel_size": 3,
      "stride": 1,
      "padding": 1
    },
    "activation_type": "lrelu",
    "activation_params": {
      "negative_slope": 0.05
    },
    "pooling_type": "max",
    "kw": {},
    "layers_per_block": 4
  },
  "results": {
    "num_epochs": 64,
    "train_loss": [
      2.304133892059326,
      2.3032166957855225,
      2.302504777908325,
      2.301715850830078,
      2.3007357120513916,
      2.2992515563964844,
      2.2958695888519287,
      2.286850690841675,
      2.240725517272949,
      2.0920393466949463,
      1.9660221338272095,
      1.9079060554504395,
      1.8586114645004272,
      1.8076658248901367,
      1.7623653411865234,
      1.721584677696228,
      1.6898411512374878,
      1.6591365337371826,
      1.6325199604034424,
      1.6087791919708252,
      1.5881922245025635,
      1.5694668292999268,
      1.550973892211914,
      1.5336918830871582,
      1.5160819292068481,
      1.5000380277633667,
      1.4833829402923584,
      1.4686768054962158,
      1.4515113830566406,
      1.4368650913238525,
      1.4208247661590576,
      1.4050310850143433,
      1.3888630867004395,
      1.373351812362671,
      1.358095645904541,
      1.3398802280426025,
      1.3246123790740967,
      1.3062406778335571,
      1.2903320789337158,
      1.2724114656448364,
      1.2575840950012207,
      1.2428568601608276,
      1.225215196609497,
      1.2091801166534424,
      1.1940410137176514,
      1.178397536277771,
      1.1604658365249634,
      1.1405220031738281,
      1.117497444152832,
      1.09702730178833,
      1.0747216939926147,
      1.0527232885360718,
      1.029983401298523,
      1.006137728691101,
      0.9811943769454956,
      0.954230546951294,
      0.9280118942260742,
      0.9013124704360962,
      0.8751668334007263,
      0.8513327240943909,
      0.822283148765564,
      0.7976174354553223,
      0.7841163873672485,
      0.7787795662879944
    ],
    "train_acc": [
      10.192708969116211,
      10.192708969116211,
      10.192708969116211,
      10.276041984558105,
      12.427083969116211,
      16.03125,
      18.34375,
      17.744792938232422,
      19.33333396911621,
      24.947917938232422,
      29.619792938232422,
      31.81770896911621,
      33.786460876464844,
      35.296875,
      36.765625,
      38.130210876464844,
      39.5,
      40.895835876464844,
      41.78125,
      42.8125,
      43.66666793823242,
      44.5,
      45.265625,
      45.828125,
      46.38541793823242,
      46.71354293823242,
      47.421875,
      47.99479293823242,
      48.35416793823242,
      49.01041793823242,
      49.515625,
      50.223960876464844,
      50.66666793823242,
      51.27604293823242,
      51.755210876464844,
      52.40104293823242,
      53.036460876464844,
      53.58854293823242,
      54.13541793823242,
      54.78125,
      55.255210876464844,
      55.895835876464844,
      56.57291793823242,
      57.1875,
      57.770835876464844,
      58.47916793823242,
      58.692710876464844,
      59.453125,
      60.52604293823242,
      61.270835876464844,
      62.052085876464844,
      62.890625,
      63.890625,
      64.59375,
      65.61458587646484,
      66.453125,
      67.484375,
      68.47917175292969,
      69.40104675292969,
      70.234375,
      71.51042175292969,
      72.33854675292969,
      72.78125,
      72.828125
    ],
    "test_loss": [
      2.30379319190979,
      2.303013801574707,
      2.302281618118286,
      2.301398277282715,
      2.3001813888549805,
      2.2981488704681396,
      2.2928903102874756,
      2.276754140853882,
      2.172107219696045,
      1.9896479845046997,
      1.9035290479660034,
      1.859486699104309,
      1.8109543323516846,
      1.765570878982544,
      1.7252789735794067,
      1.690401554107666,
      1.6658682823181152,
      1.6369655132293701,
      1.6235458850860596,
      1.6081377267837524,
      1.5859798192977905,
      1.577502727508545,
      1.564401388168335,
      1.5545356273651123,
      1.5447136163711548,
      1.5369585752487183,
      1.5202473402023315,
      1.5140900611877441,
      1.5037344694137573,
      1.495995044708252,
      1.483762264251709,
      1.467559576034546,
      1.4573076963424683,
      1.4506680965423584,
      1.439244031906128,
      1.4317256212234497,
      1.4285520315170288,
      1.4139478206634521,
      1.4085633754730225,
      1.4065457582473755,
      1.400865077972412,
      1.4008457660675049,
      1.4089710712432861,
      1.418620228767395,
      1.431092381477356,
      1.4492955207824707,
      1.4246807098388672,
      1.4174715280532837,
      1.4189085960388184,
      1.4135438203811646,
      1.408556580543518,
      1.4157999753952026,
      1.4037656784057617,
      1.3971325159072876,
      1.4003621339797974,
      1.4092472791671753,
      1.4068509340286255,
      1.418352484703064,
      1.4266998767852783,
      1.460719347000122,
      1.4865620136260986,
      1.500524878501892,
      1.5305765867233276,
      1.5728527307510376
    ],
    "test_acc": [
      10.375,
      10.375,
      10.375,
      10.4375,
      14.041666666666666,
      19.229166666666668,
      18.375,
      18.479166666666668,
      22.041666666666668,
      27.9375,
      32.166666666666664,
      33.395833333333336,
      35.375,
      36.6875,
      38.0,
      39.666666666666664,
      40.666666666666664,
      41.875,
      42.416666666666664,
      43.541666666666664,
      44.041666666666664,
      44.645833333333336,
      45.145833333333336,
      45.458333333333336,
      46.0625,
      46.083333333333336,
      46.75,
      46.895833333333336,
      47.125,
      47.520833333333336,
      47.75,
      48.3125,
      48.791666666666664,
      48.8125,
      49.208333333333336,
      49.5625,
      49.6875,
      50.208333333333336,
      50.354166666666664,
      51.083333333333336,
      50.916666666666664,
      51.0625,
      50.916666666666664,
      51.25,
      50.708333333333336,
      50.833333333333336,
      51.145833333333336,
      51.541666666666664,
      51.833333333333336,
      52.166666666666664,
      52.791666666666664,
      52.6875,
      53.125,
      53.520833333333336,
      53.916666666666664,
      54.041666666666664,
      54.166666666666664,
      54.541666666666664,
      54.395833333333336,
      53.875,
      53.604166666666664,
      53.666666666666664,
      53.541666666666664
    ]
  }
}