{
  "config": {
    "run_name": "exp1_3_L3_K64-128-256",
    "out_dir": "./results",
    "seed": 236636816,
    "device": null,
    "bs_train": 128,
    "bs_test": 32,
    "batches": 150,
    "epochs": 70,
    "early_stopping": 5,
    "checkpoints": null,
    "lr": 0.001,
    "reg": 0.001,
    "filters_per_layer": [
      64,
      128,
      256
    ],
    "pool_every": 4,
    "hidden_dims": [
      100,
      100
    ],
    "model_type": "cnn",
    "pooling_params": {
      "kernel_size": 2
    },
    "conv_params": {
      "kernel_size": 3,
      "stride": 1,
      "padding": 1
    },
    "activation_type": "lrelu",
    "activation_params": {
      "negative_slope": 0.05
    },
    "pooling_type": "max",
    "kw": {},
    "layers_per_block": 3
  },
  "results": {
    "num_epochs": 70,
    "train_loss": [
      2.303614616394043,
      2.3032290935516357,
      2.302974224090576,
      2.302805185317993,
      2.302692413330078,
      2.3026158809661865,
      2.302564859390259,
      2.302530527114868,
      2.302507162094116,
      2.302490472793579,
      2.3024797439575195,
      2.3024723529815674,
      2.302466630935669,
      2.3024635314941406,
      2.3024613857269287,
      2.302459478378296,
      2.302457809448242,
      2.302457571029663,
      2.3024566173553467,
      2.3024561405181885,
      2.3024556636810303,
      2.302455425262451,
      2.302454948425293,
      2.302454948425293,
      2.302454948425293,
      2.302454948425293,
      2.3024544715881348,
      2.302454710006714,
      2.3024544715881348,
      2.302455186843872,
      2.302454948425293,
      2.3024544715881348,
      2.3024542331695557,
      2.3024542331695557,
      2.3024542331695557,
      2.3024542331695557,
      2.3024539947509766,
      2.3024542331695557,
      2.3024542331695557,
      2.3024539947509766,
      2.3024542331695557,
      2.3024542331695557,
      2.3024539947509766,
      2.3024539947509766,
      2.3024539947509766,
      2.3024539947509766,
      2.3024539947509766,
      2.3024542331695557,
      2.3024542331695557,
      2.3024539947509766,
      2.3024542331695557,
      2.3024542331695557,
      2.3024542331695557,
      2.3024542331695557,
      2.3024542331695557,
      2.3024542331695557,
      2.3024542331695557,
      2.3024542331695557,
      2.3024542331695557,
      2.3024539947509766,
      2.3024539947509766,
      2.3024542331695557,
      2.3024539947509766,
      2.3024539947509766,
      2.3024539947509766,
      2.3024539947509766,
      2.3024539947509766,
      2.3024539947509766,
      2.3024539947509766,
      2.3024539947509766
    ],
    "train_acc": [
      10.239583969116211,
      10.239583969116211,
      10.239583969116211,
      10.239583969116211,
      10.239583969116211,
      10.239583969116211,
      10.239583969116211,
      10.239583969116211,
      10.239583969116211,
      10.239583969116211,
      10.239583969116211,
      10.239583969116211,
      10.239583969116211,
      10.239583969116211,
      10.239583969116211,
      10.239583969116211,
      10.239583969116211,
      10.239583969116211,
      10.239583969116211,
      10.239583969116211,
      10.239583969116211,
      10.239583969116211,
      10.239583969116211,
      10.239583969116211,
      10.239583969116211,
      10.239583969116211,
      10.239583969116211,
      10.239583969116211,
      10.239583969116211,
      10.239583969116211,
      10.239583969116211,
      10.239583969116211,
      10.239583969116211,
      10.239583969116211,
      10.239583969116211,
      10.239583969116211,
      10.239583969116211,
      10.239583969116211,
      10.239583969116211,
      10.239583969116211,
      10.239583969116211,
      10.239583969116211,
      10.239583969116211,
      10.239583969116211,
      10.239583969116211,
      10.239583969116211,
      10.239583969116211,
      10.239583969116211,
      10.239583969116211,
      10.239583969116211,
      10.239583969116211,
      10.239583969116211,
      10.239583969116211,
      10.239583969116211,
      10.239583969116211,
      10.239583969116211,
      10.239583969116211,
      10.239583969116211,
      10.239583969116211,
      10.239583969116211,
      10.239583969116211,
      10.239583969116211,
      10.239583969116211,
      10.239583969116211,
      10.239583969116211,
      10.239583969116211,
      10.239583969116211,
      10.239583969116211,
      10.239583969116211,
      10.239583969116211
    ],
    "test_loss": [
      2.3034329414367676,
      2.3031392097473145,
      2.3029465675354004,
      2.3028202056884766,
      2.302737236022949,
      2.302682399749756,
      2.302647352218628,
      2.302623987197876,
      2.3026089668273926,
      2.302600145339966,
      2.302593946456909,
      2.3025906085968018,
      2.302588701248169,
      2.3025877475738525,
      2.3025875091552734,
      2.3025875091552734,
      2.3025877475738525,
      2.3025875091552734,
      2.3025877475738525,
      2.302588701248169,
      2.302588701248169,
      2.302589178085327,
      2.302588939666748,
      2.302589178085327,
      2.3025894165039062,
      2.3025894165039062,
      2.3025903701782227,
      2.3025903701782227,
      2.302590847015381,
      2.3025903701782227,
      2.302590847015381,
      2.3025906085968018,
      2.302590847015381,
      2.3025903701782227,
      2.3025906085968018,
      2.302590847015381,
      2.302590847015381,
      2.30259108543396,
      2.302590847015381,
      2.30259108543396,
      2.302590847015381,
      2.30259108543396,
      2.30259108543396,
      2.302591562271118,
      2.302591323852539,
      2.3025918006896973,
      2.3025918006896973,
      2.3025920391082764,
      2.3025918006896973,
      2.3025918006896973,
      2.3025918006896973,
      2.3025918006896973,
      2.3025918006896973,
      2.3025918006896973,
      2.3025918006896973,
      2.3025918006896973,
      2.3025918006896973,
      2.3025918006896973,
      2.3025918006896973,
      2.3025918006896973,
      2.3025918006896973,
      2.3025918006896973,
      2.3025918006896973,
      2.3025918006896973,
      2.3025918006896973,
      2.3025918006896973,
      2.302591562271118,
      2.3025918006896973,
      2.3025918006896973,
      2.3025918006896973
    ],