{
  "config": {
    "run_name": "exp1_3_L4_K64-128-256",
    "out_dir": "./results",
    "seed": 1006697004,
    "device": null,
    "bs_train": 128,
    "bs_test": 32,
    "batches": 150,
    "epochs": 70,
    "early_stopping": 5,
    "checkpoints": null,
    "lr": 0.001,
    "reg": 0.001,
    "filters_per_layer": [
      64,
      128,
      256
    ],
    "pool_every": 4,
    "hidden_dims": [
      100,
      100
    ],
    "model_type": "cnn",
    "pooling_params": {
      "kernel_size": 2
    },
    "conv_params": {
      "kernel_size": 3,
      "stride": 1,
      "padding": 1
    },
    "activation_type": "lrelu",
    "activation_params": {
      "negative_slope": 0.05
    },
    "pooling_type": "max",
    "kw": {},
    "layers_per_block": 4
  },
  "results": {
    "num_epochs": 18,
    "train_loss": [
      2.304495334625244,
      2.303797721862793,
      2.303340196609497,
      2.30303955078125,
      2.302842378616333,
      2.3027126789093018,
      2.302626848220825,
      2.302570104598999,
      2.302532434463501,
      2.3025074005126953,
      2.302490711212158,
      2.3024797439575195,
      2.302471399307251,
      2.302467107772827,
      2.3024637699127197,
      2.302461862564087,
      2.3024604320526123,
      2.302459239959717
    ],
    "train_acc": [
      10.098958969116211,
      10.098958969116211,
      10.098958969116211,
      10.098958969116211,
      10.098958969116211,
      10.098958969116211,
      10.098958969116211,
      10.098958969116211,
      10.098958969116211,
      10.098958969116211,
      10.098958969116211,
      10.098958969116211,
      9.875,
      10.239583969116211,
      10.239583969116211,
      10.239583969116211,
      10.239583969116211,
      10.239583969116211
    ],
    "test_loss": [
      2.3039371967315674,
      2.303434371948242,
      2.303114414215088,
      2.302910327911377,
      2.302780866622925,
      2.3026998043060303,
      2.302649974822998,
      2.3026199340820312,
      2.3026010990142822,
      2.302591323852539,
      2.302586078643799,
      2.302583694458008,
      2.3025825023651123,
      2.3025825023651123,
      2.302583694458008,
      2.302584171295166,
      2.302584409713745,
      2.3025858402252197
    ],
    "test_acc": [
      10.1875,
      10.1875,
      10.1875,
      10.1875,
      10.1875,
      10.1875,
      10.1875,
      10.1875,
      10.1875,
      10.1875,
      10.1875,
      10.1875,
      9.895833333333334,
      9.895833333333334,
      9.895833333333334,
      9.895833333333334,
      9.895833333333334
    ]
  }
}