{
  "config": {
    "run_name": "exp1_2_L8_K32",
    "out_dir": "./results",
    "seed": 579929648,
    "device": null,
    "bs_train": 128,
    "bs_test": 32,
    "batches": 150,
    "epochs": 70,
    "early_stopping": 5,
    "checkpoints": null,
    "lr": 0.001,
    "reg": 0.001,
    "filters_per_layer": [
      32
    ],
    "pool_every": 4,
    "hidden_dims": [
      100,
      100
    ],
    "model_type": "cnn",
    "pooling_params": {
      "kernel_size": 2
    },
    "conv_params": {
      "kernel_size": 3,
      "stride": 1,
      "padding": 1
    },
    "activation_type": "lrelu",
    "activation_params": {
      "negative_slope": 0.05
    },
    "pooling_type": "max",
    "kw": {},
    "layers_per_block": 8
  },
  "results": {
    "num_epochs": 8,
    "train_loss": [
      2.303896188735962,
      2.3034021854400635,
      2.303077220916748,
      2.302863836288452,
      2.3027236461639404,
      2.3026316165924072,
      2.3025712966918945,
      2.3025319576263428
    ],
    "train_acc": [
      9.791666984558105,
      9.791666984558105,
      9.682291984558105,
      9.880208969116211,
      10.0625,
      9.989583969116211,
      9.822916984558105,
      9.963541984558105
    ],
    "test_loss": [
      2.303248167037964,
      2.3029463291168213,
      2.302762746810913,
      2.302654266357422,
      2.3025922775268555,
      2.3025588989257812,
      2.3025431632995605,
      2.3025379180908203
    ],
    "test_acc": [
      10.25,
      10.25,
      9.8125,
      9.8125,
      9.8125,
      9.8125,
      9.8125
    ]
  }
}