{
  "config": {
    "run_name": "exp1_1_L16_K64",
    "out_dir": "./results",
    "seed": 1550874713,
    "device": null,
    "bs_train": 128,
    "bs_test": 32,
    "batches": 150,
    "epochs": 70,
    "early_stopping": 5,
    "checkpoints": null,
    "lr": 0.001,
    "reg": 0.001,
    "filters_per_layer": [
      64
    ],
    "pool_every": 4,
    "hidden_dims": [
      1000
    ],
    "model_type": "cnn",
    "pooling_params": {
      "kernel_size": 2
    },
    "conv_params": {
      "kernel_size": 3,
      "stride": 1,
      "padding": 1
    },
    "activation_type": "lrelu",
    "activation_params": {
      "negative_slope": 0.05
    },
    "pooling_type": "max",
    "kw": {},
    "layers_per_block": 16
  },
  "results": {
    "num_epochs": 70,
    "train_loss": [
      2.302736759185791,
      2.302621603012085,
      2.302558183670044,
      2.302522897720337,
      2.302501916885376,
      2.302489995956421,
      2.302483320236206,
      2.3024795055389404,
      2.3024775981903076,
      2.302475929260254,
      2.3024752140045166,
      2.302474021911621,
      2.302474021911621,
      2.3024742603302,
      2.302474021911621,
      2.302473545074463,
      2.3024728298187256,
      2.3024728298187256,
      2.3024730682373047,
      2.3024728298187256,
      2.3024725914001465,
      2.3024728298187256,
      2.3024725914001465,
      2.3024725914001465,
      2.3024725914001465,
      2.3024725914001465,
      2.3024725914001465,
      2.3024725914001465,
      2.3024723529815674,
      2.3024721145629883,
      2.3024721145629883,
      2.3024721145629883,
      2.302471876144409,
      2.30247163772583,
      2.30247163772583,
      2.302471399307251,
      2.302471399307251,
      2.302471399307251,
      2.302471399307251,
      2.302471160888672,
      2.302471160888672,
      2.3024706840515137,
      2.3024706840515137,
      2.3024706840515137,
      2.3024706840515137,
      2.3024706840515137,
      2.3024704456329346,
      2.3024706840515137,
      2.3024704456329346,
      2.3024702072143555,
      2.3024702072143555,
      2.3024702072143555,
      2.3024702072143555,
      2.3024702072143555,
      2.3024702072143555,
      2.3024702072143555,
      2.3024702072143555,
      2.3024702072143555,
      2.3024699687957764,
      2.3024699687957764,
      2.3024699687957764,
      2.3024699687957764,
      2.3024699687957764,
      2.3024699687957764,
      2.302469253540039,
      2.302469253540039,
      2.30246901512146,
      2.30246901512146,
      2.30246901512146,
      2.302468776702881
    ],
    "train_acc": [
      9.953125,
      10.098958969116211,
      10.098958969116211,
      9.84375,
      10.223958969116211,
      10.239583969116211,
      10.239583969116211,
      10.239583969116211,
      10.239583969116211,
      10.239583969116211,
      10.239583969116211,
      10.239583969116211,
      10.239583969116211,
      10.239583969116211,
      10.239583969116211,
      10.239583969116211,
      10.239583969116211,
      10.239583969116211,
      10.239583969116211,
      10.239583969116211,
      10.239583969116211,
      10.239583969116211,
      10.239583969116211,
      10.239583969116211,
      10.239583969116211,
      10.239583969116211,
      10.239583969116211,
      10.239583969116211,
      10.239583969116211,
      10.239583969116211,
      10.239583969116211,
      10.239583969116211,
      10.239583969116211,
      10.239583969116211,
      10.239583969116211,
      10.239583969116211,
      10.239583969116211,
      10.239583969116211,
      10.239583969116211,
      10.239583969116211,
      10.239583969116211,
      10.239583969116211,
      10.239583969116211,
      10.239583969116211,
      10.239583969116211,
      10.239583969116211,
      10.239583969116211,
      10.239583969116211,
      10.239583969116211,
      10.239583969116211,
      10.239583969116211,
      10.239583969116211,
      10.239583969116211,
      10.239583969116211,
      10.239583969116211,
      10.239583969116211,
      10.239583969116211,
      10.239583969116211,
      10.239583969116211,
      10.239583969116211,
      10.239583969116211,
      10.239583969116211,
      10.239583969116211,
      10.239583969116211,
      10.239583969116211,
      10.239583969116211,
      10.239583969116211,
      10.239583969116211,
      10.239583969116211,
      10.239583969116211
    ],
    "test_loss": [
      2.302671194076538,
      2.302617073059082,
      2.3025929927825928,
      2.3025834560394287,
      2.3025803565979004,
      2.3025810718536377,
      2.302583694458008,
      2.3025853633880615,
      2.3025875091552734,
      2.302589178085327,
      2.3025906085968018,
      2.302591562271118,
      2.3025922775268555,
      2.30259370803833,
      2.302593946456909,
      2.302593946456909,
      2.3025941848754883,
      2.3025941848754883,
      2.3025951385498047,
      2.3025949001312256,
      2.3025951385498047,
      2.3025949001312256,
      2.302595376968384,
      2.302595376968384,
      2.3025949001312256,
      2.3025946617126465,
      2.3025946617126465,
      2.3025951385498047,
      2.3025949001312256,
      2.3025951385498047,
      2.3025949001312256,
      2.3025949001312256,
      2.3025951385498047,
      2.3025951385498047,
      2.3025949001312256,
      2.3025949001312256,
      2.3025949001312256,
      2.3025949001312256,
      2.3025949001312256,
      2.3025949001312256,
      2.3025949001312256,
      2.302595376968384,
      2.3025951385498047,
      2.302595376968384,
      2.3025949001312256,
      2.3025949001312256,
      2.3025949001312256,
      2.3025949001312256,
      2.3025949001312256,
      2.3025949001312256,
      2.3025949001312256,
      2.3025951385498047,
      2.3025951385498047,
      2.3025951385498047,
      2.3025951385498047,
      2.3025951385498047,
      2.3025951385498047,
      2.3025951385498047,
      2.3025949001312256,
      2.3025949001312256,
      2.3025949001312256,
      2.3025951385498047,
      2.3025949001312256,
      2.3025951385498047,
      2.3025951385498047,
      2.3025951385498047,
      2.3025949001312256,
      2.3025951385498047,
      2.3025949001312256,
      2.3025951385498047
    ],