{
  "config": {
    "run_name": "exp1_1_L8_K32",
    "out_dir": "./results",
    "seed": 155426142,
    "device": null,
    "bs_train": 128,
    "bs_test": 32,
    "batches": 150,
    "epochs": 70,
    "early_stopping": 5,
    "checkpoints": null,
    "lr": 0.001,
    "reg": 0.001,
    "filters_per_layer": [
      32
    ],
    "pool_every": 4,
    "hidden_dims": [
      100,
      100
    ],
    "model_type": "cnn",
    "pooling_params": {
      "kernel_size": 2
    },
    "conv_params": {
      "kernel_size": 3,
      "stride": 1,
      "padding": 1
    },
    "activation_type": "lrelu",
    "activation_params": {
      "negative_slope": 0.05
    },
    "pooling_type": "max",
    "kw": {},
    "layers_per_block": 8
  },
  "results": {
    "num_epochs": 10,
    "train_loss": [
      2.3032732009887695,
      2.30298113822937,
      2.30279541015625,
      2.302675485610962,
      2.302600383758545,
      2.3025503158569336,
      2.302518367767334,
      2.302497148513794,
      2.302482843399048,
      2.3024742603302
    ],
    "train_acc": [
      10.036458969116211,
      9.84375,
      9.901041984558105,
      9.875,
      9.765625,
      10.109375,
      10.098958969116211,
      10.098958969116211,
      10.098958969116211,
      10.0
    ],
    "test_loss": [
      2.3030076026916504,
      2.302830696105957,
      2.302724599838257,
      2.302661657333374,
      2.3026249408721924,
      2.3026041984558105,
      2.3025922775268555,
      2.302586078643799,
      2.3025832176208496,
      2.302582263946533
    ],
    "test_acc": [
      10.291666666666666,
      10.291666666666666,
      10.291666666666666,
      10.291666666666666,
      10.208333333333334,
      10.1875,
      10.1875,
      10.1875,
      10.1875
    ]
  }
}