{
  "config": {
    "run_name": "exp1_1_L4_K64",
    "out_dir": "./results",
    "seed": 782174744,
    "device": null,
    "bs_train": 128,
    "bs_test": 32,
    "batches": 150,
    "epochs": 70,
    "early_stopping": 5,
    "checkpoints": null,
    "lr": 0.001,
    "reg": 0.001,
    "filters_per_layer": [
      64
    ],
    "pool_every": 4,
    "hidden_dims": [
      100,
      100
    ],
    "model_type": "cnn",
    "pooling_params": {
      "kernel_size": 2
    },
    "conv_params": {
      "kernel_size": 3,
      "stride": 1,
      "padding": 1
    },
    "activation_type": "lrelu",
    "activation_params": {
      "negative_slope": 0.05
    },
    "pooling_type": "max",
    "kw": {},
    "layers_per_block": 4
  },
  "results": {
    "num_epochs": 68,
    "train_loss": [
      2.3042314052581787,
      2.3034002780914307,
      2.302835464477539,
      2.302382707595825,
      2.30194091796875,
      2.301426410675049,
      2.3006718158721924,
      2.2995054721832275,
      2.2974183559417725,
      2.2929394245147705,
      2.2795767784118652,
      2.203108549118042,
      2.017388105392456,
      1.9327486753463745,
      1.8735841512680054,
      1.8140606880187988,
      1.762519121170044,
      1.7239422798156738,
      1.6907740831375122,
      1.6612122058868408,
      1.6338459253311157,
      1.6075706481933594,
      1.583893060684204,
      1.5627764463424683,
      1.5413767099380493,
      1.522740125656128,
      1.5035945177078247,
      1.4841127395629883,
      1.4644129276275635,
      1.4437639713287354,
      1.425002932548523,
      1.4040720462799072,
      1.3850913047790527,
      1.365173578262329,
      1.3442635536193848,
      1.323187232017517,
      1.3022507429122925,
      1.2809604406356812,
      1.2592837810516357,
      1.237288236618042,
      1.2155966758728027,
      1.1928457021713257,
      1.167670488357544,
      1.1431171894073486,
      1.1183093786239624,
      1.0955334901809692,
      1.0718305110931396,
      1.0520515441894531,
      1.0332870483398438,
      1.0022846460342407,
      0.9676215648651123,
      0.9340110421180725,
      0.9031713008880615,
      0.8701431155204773,
      0.8419818878173828,
      0.8124131560325623,
      0.7841687202453613,
      0.7672179341316223,
      0.767250120639801,
      0.760441243648529,
      0.7182104587554932,
      0.6892924308776855,
      0.6706910729408264,
      0.6696085333824158,
      0.661030113697052,
      0.6089285612106323,
      0.5647685527801514,
      0.5391345620155334
    ],
    "train_acc": [
      9.515625,
      10.171875,
      10.192708969116211,
      10.192708969116211,
      10.21875,
      11.546875,
      14.484375,
      15.994791984558105,
      17.322917938232422,
      18.854167938232422,
      17.390625,
      20.359375,
      27.03125,
      30.45833396911621,
      33.296875,
      35.625,
      37.302085876464844,
      38.44791793823242,
      39.671875,
      40.88541793823242,
      41.91666793823242,
      42.677085876464844,
      43.411460876464844,
      44.348960876464844,
      45.10416793823242,
      45.83854293823242,
      46.43229293823242,
      47.333335876464844,
      47.864585876464844,
      48.786460876464844,
      49.44791793823242,
      50.30729293823242,
      50.890625,
      51.723960876464844,
      52.364585876464844,
      53.265625,
      54.0,
      54.76041793823242,
      55.5,
      56.40625,
      57.21875,
      58.078125,
      58.848960876464844,
      59.942710876464844,
      60.828125,
      61.614585876464844,
      62.25,
      62.93229293823242,
      63.848960876464844,
      64.80208587646484,
      66.06771087646484,
      67.36458587646484,
      68.57292175292969,
      69.80208587646484,
      70.875,
      71.734375,
      72.94792175292969,
      73.42708587646484,
      73.22917175292969,
      73.18229675292969,
      74.75521087646484,
      75.84375,
      76.64583587646484,
      76.23958587646484,
      76.58854675292969,
      78.72917175292969,
      80.1875,
      81.08333587646484
    ],
    "test_loss": [
      2.3040833473205566,
      2.303391933441162,
      2.302875280380249,
      2.3024179935455322,
      2.301936149597168,
      2.301330804824829,
      2.300372362136841,
      2.2988383769989014,
      2.2960000038146973,
      2.289083242416382,
      2.263500452041626,
      2.103299856185913,
      1.9476712942123413,
      1.875457525253296,
      1.8217201232910156,
      1.769769310951233,
      1.7240666151046753,
      1.6918014287948608,
      1.6656177043914795,
      1.644505500793457,
      1.6262531280517578,
      1.6104869842529297,
      1.5961952209472656,
      1.5832690000534058,
      1.5650898218154907,
      1.557110071182251,
      1.5418121814727783,
      1.529331922531128,
      1.5158884525299072,
      1.5017017126083374,
      1.4894206523895264,
      1.4775818586349487,
      1.4652918577194214,
      1.4555312395095825,
      1.441857099533081,
      1.4340459108352661,
      1.421161413192749,
      1.3987337350845337,
      1.392250418663025,
      1.3760367631912231,
      1.363484263420105,
      1.3489893674850464,
      1.3392934799194336,
      1.3292505741119385,
      1.328476071357727,
      1.318223476409912,
      1.310563087463379,
      1.3064433336257935,
      1.304063320159912,
      1.3030065298080444,
      1.3082290887832642,
      1.3300197124481201,
      1.3380705118179321,
      1.3522752523422241,
      1.3617106676101685,
      1.3832368850708008,
      1.3908411264419556,
      1.3967205286026,
      1.407762050628662,
      1.4038887023925781,
      1.3943006992340088,
      1.4167507886886597,
      1.492357611656189,
      1.4541027545928955,
      1.522324562072754,
      1.6098859310150146,
      1.6566543579101562,
      1.6792875528335571
    ],
    "test_acc": [
      10.395833333333334,
      10.375,
      10.375,
      10.375,
      10.375,
      12.6875,
      16.125,
      17.8125,
      18.875,
      18.875,
      16.875,
      23.979166666666668,
      28.708333333333332,
      32.729166666666664,
      34.854166666666664,
      36.479166666666664,
      38.833333333333336,
      39.895833333333336,
      41.083333333333336,
      41.770833333333336,
      42.208333333333336,
      42.520833333333336,
      43.291666666666664,
      44.25,
      44.75,
      45.0625,
      45.5625,
      46.416666666666664,
      46.583333333333336,
      47.583333333333336,
      47.645833333333336,
      47.9375,
      48.3125,
      48.958333333333336,
      49.166666666666664,
      49.291666666666664,
      50.125,
      50.833333333333336,
      50.9375,
      51.854166666666664,
      52.270833333333336,
      52.854166666666664,
      53.208333333333336,
      53.729166666666664,
      53.895833333333336,
      54.208333333333336,
      54.354166666666664,
      54.8125,
      54.729166666666664,
      54.833333333333336,
      55.041666666666664,
      55.145833333333336,
      55.5625,
      55.4375,
      55.270833333333336,
      55.458333333333336,
      55.625,
      55.6875,
      55.208333333333336,
      55.5625,
      55.854166666666664,
      56.291666666666664,
      55.020833333333336,
      55.416666666666664,
      55.395833333333336,
      53.833333333333336,
      53.375
    ]
  }
}