{
  "config": {
    "run_name": "exp1_2_L2_K128",
    "out_dir": "./results",
    "seed": 742806044,
    "device": null,
    "bs_train": 128,
    "bs_test": 32,
    "batches": 150,
    "epochs": 70,
    "early_stopping": 5,
    "checkpoints": null,
    "lr": 0.001,
    "reg": 0.001,
    "filters_per_layer": [
      128
    ],
    "pool_every": 4,
    "hidden_dims": [
      1000
    ],
    "model_type": "cnn",
    "pooling_params": {
      "kernel_size": 2
    },
    "conv_params": {
      "kernel_size": 3,
      "stride": 1,
      "padding": 1
    },
    "activation_type": "lrelu",
    "activation_params": {
      "negative_slope": 0.05
    },
    "pooling_type": "max",
    "kw": {},
    "layers_per_block": 2
  },
  "results": {
    "num_epochs": 43,
    "train_loss": [
      2.1775193214416504,
      1.921865463256836,
      1.8218435049057007,
      1.7463687658309937,
      1.6850287914276123,
      1.632582187652588,
      1.584449052810669,
      1.5399675369262695,
      1.4988689422607422,
      1.460540771484375,
      1.4242140054702759,
      1.3893862962722778,
      1.3566371202468872,
      1.3254051208496094,
      1.2952357530593872,
      1.2663570642471313,
      1.23783540725708,
      1.209923267364502,
      1.1817069053649902,
      1.1533578634262085,
      1.1244144439697266,
      1.0947445631027222,
      1.0642699003219604,
      1.032930850982666,
      1.0008984804153442,
      0.9676568508148193,
      0.9336370825767517,
      0.8983215093612671,
      0.8614277243614197,
      0.8242629170417786,
      0.7857126593589783,
      0.7466111779212952,
      0.7070174217224121,
      0.6666058301925659,
      0.6268631219863892,
      0.5871033668518066,
      0.5503045320510864,
      0.517113983631134,
      0.4911811351776123,
      0.47229018807411194,
      0.46197280287742615,
      0.42891183495521545,
      0.3859098553657532
    ],
    "train_acc": [
      21.06770896911621,
      31.796875,
      36.02604293823242,
      38.75,
      40.921875,
      42.84375,
      44.34375,
      45.765625,
      47.125,
      48.57291793823242,
      49.828125,
      50.96875,
      52.19791793823242,
      53.296875,
      54.442710876464844,
      55.552085876464844,
      56.708335876464844,
      57.734375,
      58.755210876464844,
      59.859375,
      60.88541793823242,
      62.067710876464844,
      63.07291793823242,
      64.33333587646484,
      65.58333587646484,
      66.92708587646484,
      68.19792175292969,
      69.765625,
      71.09375,
      72.72917175292969,
      74.375,
      75.80208587646484,
      77.265625,
      78.921875,
      80.59896087646484,
      82.08333587646484,
      83.453125,
      84.63542175292969,
      85.390625,
      85.96354675292969,
      86.00521087646484,
      87.03125,
      88.93229675292969
    ],
    "test_loss": [
      1.9923694133758545,
      1.8467053174972534,
      1.7654608488082886,
      1.7030586004257202,
      1.6532585620880127,
      1.6127175092697144,
      1.5762152671813965,
      1.5415236949920654,
      1.5100725889205933,
      1.4812002182006836,
      1.454224705696106,
      1.4297977685928345,
      1.40885329246521,
      1.390202283859253,
      1.3719522953033447,
      1.3564810752868652,
      1.3425694704055786,
      1.3274413347244263,
      1.3141802549362183,
      1.3014360666275024,
      1.2896971702575684,
      1.279980182647705,
      1.2705504894256592,
      1.2638622522354126,
      1.257286548614502,
      1.2528176307678223,
      1.2490489482879639,
      1.245160460472107,
      1.2467291355133057,
      1.2505167722702026,
      1.253255009651184,
      1.2560440301895142,
      1.2638885974884033,
      1.2702347040176392,
      1.2816053628921509,
      1.2922136783599854,
      1.3066809177398682,
      1.32310950756073,
      1.36099112033844,
      1.401857852935791,
      1.488818645477295,
      1.5112087726593018,
      1.5050569772720337
    ],
    "test_acc": [
      28.729166666666668,
      34.875,
      37.75,
      39.854166666666664,
      41.645833333333336,
      42.729166666666664,
      43.916666666666664,
      45.25,
      46.375,
      47.375,
      48.0625,
      48.541666666666664,
      49.395833333333336,
      50.458333333333336,
      51.25,
      51.666666666666664,
      52.4375,
      53.1875,
      53.583333333333336,
      54.291666666666664,
      54.729166666666664,
      55.395833333333336,
      55.895833333333336,
      56.041666666666664,
      56.083333333333336,
      56.083333333333336,
      56.270833333333336,
      56.6875,
      56.604166666666664,
      56.708333333333336,
      56.854166666666664,
      57.25,
      57.166666666666664,
      57.458333333333336,
      57.625,
      57.8125,
      58.25,
      58.083333333333336,
      57.75,
      57.958333333333336,
      56.083333333333336,
      55.75
    ]
  }
}