{
  "config": {
    "run_name": "exp1_2_L2_K32",
    "out_dir": "./results",
    "seed": 1661459954,
    "device": null,
    "bs_train": 128,
    "bs_test": 32,
    "batches": 150,
    "epochs": 70,
    "early_stopping": 5,
    "checkpoints": null,
    "lr": 0.001,
    "reg": 0.001,
    "filters_per_layer": [
      32
    ],
    "pool_every": 4,
    "hidden_dims": [
      100,
      100
    ],
    "model_type": "cnn",
    "pooling_params": {
      "kernel_size": 2
    },
    "conv_params": {
      "kernel_size": 3,
      "stride": 1,
      "padding": 1
    },
    "activation_type": "lrelu",
    "activation_params": {
      "negative_slope": 0.05
    },
    "pooling_type": "max",
    "kw": {},
    "layers_per_block": 2
  },
  "results": {
    "num_epochs": 67,
    "train_loss": [
      2.2984867095947266,
      2.2608442306518555,
      2.108710765838623,
      1.9556628465652466,
      1.8965551853179932,
      1.8545624017715454,
      1.8120782375335693,
      1.7748433351516724,
      1.7421785593032837,
      1.711309790611267,
      1.6815701723098755,
      1.653075098991394,
      1.6269465684890747,
      1.6000005006790161,
      1.575181245803833,
      1.5516700744628906,
      1.529741644859314,
      1.5103298425674438,
      1.4910343885421753,
      1.4733408689498901,
      1.4565922021865845,
      1.4400261640548706,
      1.4247194528579712,
      1.4101585149765015,
      1.3954448699951172,
      1.3804376125335693,
      1.3640227317810059,
      1.3486101627349854,
      1.3325400352478027,
      1.3165291547775269,
      1.3003723621368408,
      1.2829298973083496,
      1.2657228708267212,
      1.248327374458313,
      1.231743335723877,
      1.2122702598571777,
      1.194994568824768,
      1.1768418550491333,
      1.1578500270843506,
      1.138869047164917,
      1.1202958822250366,
      1.1007413864135742,
      1.079715371131897,
      1.060317039489746,
      1.0390219688415527,
      1.018308162689209,
      0.9969639182090759,
      0.9770002365112305,
      0.9565916061401367,
      0.9364141821861267,
      0.9175111651420593,
      0.8968722820281982,
      0.878811776638031,
      0.8645030856132507,
      0.8631974458694458,
      0.8545272946357727,
      0.8329480886459351,
      0.8053428530693054,
      0.7763229012489319,
      0.7469378113746643,
      0.7215598225593567,
      0.6945977807044983,
      0.6682314872741699,
      0.64267897605896,
      0.6169752478599548,
      0.5947473645210266,
      0.5741443634033203
    ],
    "train_acc": [
      10.838541984558105,
      16.03645896911621,
      24.46875,
      30.291667938232422,
      32.78125,
      34.140625,
      35.875,
      37.161460876464844,
      38.27604293823242,
      39.239585876464844,
      40.177085876464844,
      40.895835876464844,
      41.890625,
      42.677085876464844,
      43.66666793823242,
      44.505210876464844,
      45.52604293823242,
      46.114585876464844,
      46.72916793823242,
      47.5625,
      48.13541793823242,
      48.927085876464844,
      49.43229293823242,
      49.890625,
      50.505210876464844,
      51.020835876464844,
      51.72916793823242,
      52.411460876464844,
      52.927085876464844,
      53.640625,
      54.38541793823242,
      54.94791793823242,
      55.515625,
      56.114585876464844,
      56.69791793823242,
      57.33854293823242,
      57.94791793823242,
      58.68229293823242,
      59.239585876464844,
      59.921875,
      60.68229293823242,
      61.3125,
      62.046875,
      62.6875,
      63.333335876464844,
      64.02604675292969,
      64.77604675292969,
      65.4375,
      66.421875,
      67.1875,
      68.00521087646484,
      68.828125,
      69.71354675292969,
      70.16146087646484,
      70.05729675292969,
      70.515625,
      71.265625,
      72.0,
      73.16146087646484,
      74.36979675292969,
      75.51042175292969,
      76.61979675292969,
      77.65104675292969,
      78.75521087646484,
      79.671875,
      80.41667175292969,
      81.28125
    ],
    "test_loss": [
      2.289013147354126,
      2.204638957977295,
      2.0048351287841797,
      1.9027096033096313,
      1.857481837272644,
      1.8181616067886353,
      1.7802026271820068,
      1.7457252740859985,
      1.7158294916152954,
      1.6885130405426025,
      1.6612342596054077,
      1.640494465827942,
      1.6209256649017334,
      1.6035922765731812,
      1.5834444761276245,
      1.5677822828292847,
      1.552219033241272,
      1.5371185541152954,
      1.5242012739181519,
      1.5157335996627808,
      1.502995252609253,
      1.4909611940383911,
      1.4809293746948242,
      1.4693433046340942,
      1.4567375183105469,
      1.4487605094909668,
      1.4408690929412842,
      1.431520700454712,
      1.4244353771209717,
      1.4157745838165283,
      1.4087837934494019,
      1.4011248350143433,
      1.3945891857147217,
      1.388242483139038,
      1.3813188076019287,
      1.3725194931030273,
      1.367077112197876,
      1.3610597848892212,
      1.3573018312454224,
      1.3550912141799927,
      1.3487706184387207,
      1.3455833196640015,
      1.3429820537567139,
      1.3410621881484985,
      1.3384146690368652,
      1.3368942737579346,
      1.3360437154769897,
      1.340526819229126,
      1.3431001901626587,
      1.3452962636947632,
      1.3562384843826294,
      1.3541547060012817,
      1.366382360458374,
      1.354902744293213,
      1.316685438156128,
      1.3072453737258911,
      1.3139145374298096,
      1.320172905921936,
      1.3296396732330322,
      1.3405177593231201,
      1.3549306392669678,
      1.3728210926055908,
      1.392408013343811,
      1.4202481508255005,
      1.4552638530731201,
      1.5085707902908325,
      1.5669652223587036
    ],
    "test_acc": [
      12.833333333333334,
      21.0625,
      27.625,
      32.541666666666664,
      34.479166666666664,
      36.125,
      37.083333333333336,
      38.291666666666664,
      38.854166666666664,
      39.791666666666664,
      40.979166666666664,
      41.916666666666664,
      42.583333333333336,
      43.020833333333336,
      43.625,
      44.375,
      45.0625,
      45.458333333333336,
      45.8125,
      46.479166666666664,
      46.6875,
      46.875,
      47.0,
      47.666666666666664,
      48.145833333333336,
      48.5,
      48.791666666666664,
      49.479166666666664,
      49.833333333333336,
      49.833333333333336,
      50.020833333333336,
      50.5625,
      50.9375,
      51.291666666666664,
      51.354166666666664,
      51.583333333333336,
      51.625,
      51.833333333333336,
      52.104166666666664,
      52.041666666666664,
      52.416666666666664,
      52.583333333333336,
      52.833333333333336,
      53.104166666666664,
      53.145833333333336,
      53.229166666666664,
      53.25,
      53.291666666666664,
      53.604166666666664,
      53.791666666666664,
      53.75,
      53.791666666666664,
      53.645833333333336,
      53.958333333333336,
      55.0,
      55.708333333333336,
      55.625,
      55.833333333333336,
      55.875,
      55.791666666666664,
      56.3125,
      56.229166666666664,
      55.729166666666664,
      55.666666666666664,
      55.354166666666664,
      54.541666666666664
    ]
  }
}