{
  "config": {
    "run_name": "exp1_1_L4_K64",
    "out_dir": "./results",
    "seed": 81101090,
    "device": null,
    "bs_train": 128,
    "bs_test": 32,
    "batches": 150,
    "epochs": 70,
    "early_stopping": 5,
    "checkpoints": null,
    "lr": 0.001,
    "reg": 0.001,
    "filters_per_layer": [
      64
    ],
    "pool_every": 4,
    "hidden_dims": [
      1000
    ],
    "model_type": "cnn",
    "pooling_params": {
      "kernel_size": 2
    },
    "conv_params": {
      "kernel_size": 3,
      "stride": 1,
      "padding": 1
    },
    "activation_type": "lrelu",
    "activation_params": {
      "negative_slope": 0.05
    },
    "pooling_type": "max",
    "kw": {},
    "layers_per_block": 4
  },
  "results": {
    "num_epochs": 42,
    "train_loss": [
      2.3019750118255615,
      2.2986514568328857,
      2.28556752204895,
      2.2002737522125244,
      2.0479815006256104,
      1.9178214073181152,
      1.8424814939498901,
      1.7648283243179321,
      1.6986348628997803,
      1.6505907773971558,
      1.6122606992721558,
      1.5795304775238037,
      1.5500832796096802,
      1.5227497816085815,
      1.4962613582611084,
      1.4704562425613403,
      1.4443385601043701,
      1.4199880361557007,
      1.3949726819992065,
      1.3670355081558228,
      1.338878870010376,
      1.31097412109375,
      1.2811877727508545,
      1.2529375553131104,
      1.2242320775985718,
      1.194100260734558,
      1.1654421091079712,
      1.1338773965835571,
      1.0989502668380737,
      1.0622206926345825,
      1.024266242980957,
      0.9814375638961792,
      0.9378252029418945,
      0.8922856450080872,
      0.8417340517044067,
      0.7901856303215027,
      0.733948290348053,
      0.6826794147491455,
      0.6355555057525635,
      0.6441489458084106,
      0.6802237629890442,
      0.6262320280075073
    ],
    "train_acc": [
      9.791666984558105,
      12.338541984558105,
      11.614583969116211,
      18.901042938232422,
      27.807292938232422,
      32.015625,
      34.536460876464844,
      37.552085876464844,
      40.005210876464844,
      41.895835876464844,
      43.348960876464844,
      44.536460876464844,
      45.59375,
      46.61979293823242,
      47.442710876464844,
      48.380210876464844,
      49.52604293823242,
      50.302085876464844,
      51.395835876464844,
      52.333335876464844,
      53.38541793823242,
      54.375,
      55.38541793823242,
      56.49479293823242,
      57.552085876464844,
      58.65104293823242,
      59.630210876464844,
      60.69791793823242,
      62.09375,
      63.270835876464844,
      64.56771087646484,
      66.43229675292969,
      67.78125,
      69.52604675292969,
      71.3125,
      73.21354675292969,
      75.453125,
      77.41146087646484,
      79.13542175292969,
      78.140625,
      76.38021087646484,
      78.265625
    ],
    "test_loss": [
      2.30057430267334,
      2.2949631214141846,
      2.2662131786346436,
      2.123368978500366,
      1.9425040483474731,
      1.860754370689392,
      1.7898567914962769,
      1.7150835990905762,
      1.6612133979797363,
      1.6219937801361084,
      1.5933125019073486,
      1.5711524486541748,
      1.552581787109375,
      1.5368719100952148,
      1.523895025253296,
      1.5089045763015747,
      1.4936813116073608,
      1.480207085609436,
      1.4684185981750488,
      1.4596519470214844,
      1.448097586631775,
      1.4353879690170288,
      1.4339617490768433,
      1.432041883468628,
      1.4260859489440918,
      1.4260069131851196,
      1.425906777381897,
      1.431517481803894,
      1.4291596412658691,
      1.4338361024856567,
      1.433545470237732,
      1.4385111331939697,
      1.4520926475524902,
      1.4595431089401245,
      1.4692286252975464,
      1.4870219230651855,
      1.5178920030593872,
      1.5357813835144043,
      1.5986677408218384,
      1.66269052028656,
      1.6432534456253052,
      1.6100488901138306
    ],
    "test_acc": [
      10.25,
      12.208333333333334,
      13.125,
      21.0625,
      30.666666666666668,
      33.395833333333336,
      36.729166666666664,
      39.291666666666664,
      41.458333333333336,
      42.958333333333336,
      43.875,
      44.458333333333336,
      45.520833333333336,
      46.1875,
      46.5625,
      47.25,
      48.104166666666664,
      49.083333333333336,
      49.375,
      49.5625,
      50.083333333333336,
      50.645833333333336,
      50.5625,
      50.583333333333336,
      50.75,
      50.875,
      50.875,
      50.708333333333336,
      51.125,
      51.854166666666664,
      51.791666666666664,
      52.645833333333336,
      52.9375,
      53.1875,
      53.229166666666664,
      53.479166666666664,
      53.020833333333336,
      53.083333333333336,
      52.791666666666664,
      52.208333333333336,
      50.979166666666664
    ]
  }
}