{
  "config": {
    "run_name": "exp1_2_L4_K64",
    "out_dir": "./results",
    "seed": 972181326,
    "device": null,
    "bs_train": 128,
    "bs_test": 32,
    "batches": 150,
    "epochs": 70,
    "early_stopping": 5,
    "checkpoints": null,
    "lr": 0.001,
    "reg": 0.001,
    "filters_per_layer": [
      64
    ],
    "pool_every": 4,
    "hidden_dims": [
      1000
    ],
    "model_type": "cnn",
    "pooling_params": {
      "kernel_size": 2
    },
    "conv_params": {
      "kernel_size": 3,
      "stride": 1,
      "padding": 1
    },
    "activation_type": "lrelu",
    "activation_params": {
      "negative_slope": 0.05
    },
    "pooling_type": "max",
    "kw": {},
    "layers_per_block": 4
  },
  "results": {
    "num_epochs": 53,
    "train_loss": [
      2.302098512649536,
      2.3004493713378906,
      2.2961575984954834,
      2.2756128311157227,
      2.1440422534942627,
      1.97276771068573,
      1.8909250497817993,
      1.817253828048706,
      1.7463798522949219,
      1.688236951828003,
      1.6428329944610596,
      1.6055032014846802,
      1.5714004039764404,
      1.5412455797195435,
      1.5132153034210205,
      1.485845685005188,
      1.4586296081542969,
      1.4306981563568115,
      1.4019081592559814,
      1.374448299407959,
      1.3450593948364258,
      1.3152642250061035,
      1.285335659980774,
      1.2556425333023071,
      1.2243717908859253,
      1.1932966709136963,
      1.1634501218795776,
      1.1310241222381592,
      1.096136212348938,
      1.0573065280914307,
      1.0181801319122314,
      0.9757933616638184,
      0.9317441582679749,
      0.8852641582489014,
      0.8335843086242676,
      0.783732533454895,
      0.7342296838760376,
      0.7192726135253906,
      0.724058985710144,
      0.6559272408485413,
      0.5840330123901367,
      0.5320966839790344,
      0.5142316818237305,
      0.5442467331886292,
      0.5340136885643005,
      0.47986313700675964,
      0.39161935448646545,
      0.3324105441570282,
      0.31175917387008667,
      0.3185443878173828,
      0.263386607170105,
      0.23218129575252533,
      0.19721928238868713
    ],
    "train_acc": [
      11.21875,
      13.739583969116211,
      16.53645896911621,
      15.854166984558105,
      23.84375,
      29.5,
      32.942710876464844,
      35.739585876464844,
      38.29166793823242,
      40.22916793823242,
      42.036460876464844,
      43.270835876464844,
      44.57291793823242,
      45.69791793823242,
      46.802085876464844,
      47.58854293823242,
      48.65625,
      49.65104293823242,
      50.755210876464844,
      51.703125,
      52.828125,
      53.84375,
      54.864585876464844,
      56.114585876464844,
      57.36979293823242,
      58.489585876464844,
      59.5625,
      60.52604293823242,
      61.880210876464844,
      63.40625,
      64.703125,
      66.38542175292969,
      67.77083587646484,
      69.63542175292969,
      71.36458587646484,
      73.64583587646484,
      75.52083587646484,
      75.82292175292969,
      75.11979675292969,
      77.53125,
      80.29167175292969,
      81.921875,
      82.34896087646484,
      81.15104675292969,
      81.59896087646484,
      83.72396087646484,
      86.88021087646484,
      88.92708587646484,
      89.5,
      89.078125,
      91.44271087646484,
      92.41667175292969,
      93.63542175292969
    ],
    "test_loss": [
      2.3014674186706543,
      2.2990474700927734,
      2.291191339492798,
      2.242769241333008,
      2.0224452018737793,
      1.915919542312622,
      1.8436747789382935,
      1.7727347612380981,
      1.7056175470352173,
      1.6561335325241089,
      1.6196295022964478,
      1.5949314832687378,
      1.5737885236740112,
      1.555991291999817,
      1.5357012748718262,
      1.5231764316558838,
      1.508190393447876,
      1.493435025215149,
      1.4787023067474365,
      1.466477632522583,
      1.451452374458313,
      1.4383748769760132,
      1.4295179843902588,
      1.4274717569351196,
      1.4161949157714844,
      1.4047114849090576,
      1.4072608947753906,
      1.404366135597229,
      1.4081276655197144,
      1.4161078929901123,
      1.4184157848358154,
      1.4342732429504395,
      1.438157081604004,
      1.46834397315979,
      1.4888643026351929,
      1.5190935134887695,
      1.5634574890136719,
      1.5904101133346558,
      1.540749192237854,
      1.6424864530563354,
      1.8125884532928467,
      2.0456438064575195,
      1.9887683391571045,
      1.6747747659683228,
      1.6252774000167847,
      1.732909083366394,
      1.8188488483428955,
      1.9272902011871338,
      2.0462565422058105,
      2.162787437438965,
      2.352128028869629,
      2.583651065826416,
      2.606382369995117
    ],
    "test_acc": [
      15.875,
      17.041666666666668,
      16.270833333333332,
      18.875,
      26.729166666666668,
      31.666666666666668,
      34.5,
      37.083333333333336,
      39.520833333333336,
      41.145833333333336,
      43.104166666666664,
      43.729166666666664,
      44.416666666666664,
      45.395833333333336,
      46.291666666666664,
      46.8125,
      47.3125,
      47.9375,
      48.479166666666664,
      49.229166666666664,
      49.895833333333336,
      50.041666666666664,
      50.1875,
      50.645833333333336,
      50.979166666666664,
      51.541666666666664,
      51.395833333333336,
      51.708333333333336,
      51.645833333333336,
      51.666666666666664,
      51.875,
      51.541666666666664,
      52.166666666666664,
      51.625,
      52.0625,
      52.229166666666664,
      52.520833333333336,
      51.708333333333336,
      52.645833333333336,
      52.1875,
      51.833333333333336,
      50.020833333333336,
      51.0,
      53.6875,
      54.229166666666664,
      53.895833333333336,
      54.3125,
      54.0625,
      53.979166666666664,
      53.5,
      52.729166666666664,
      51.958333333333336
    ]
  }
}