{
  "config": {
    "run_name": "exp1_4_L8_K32",
    "out_dir": "./results",
    "seed": 976109760,
    "device": null,
    "bs_train": 128,
    "bs_test": 32,
    "batches": 150,
    "epochs": 200,
    "early_stopping": 5,
    "checkpoints": null,
    "lr": 0.001,
    "reg": 0.001,
    "filters_per_layer": [
      32
    ],
    "pool_every": 8,
    "hidden_dims": [
      1000
    ],
    "model_type": "resnet",
    "pooling_params": {
      "kernel_size": 2
    },
    "conv_params": {
      "kernel_size": 3,
      "stride": 1,
      "padding": 1
    },
    "activation_type": "lrelu",
    "activation_params": {
      "negative_slope": 0.05
    },
    "pooling_type": "max",
    "kw": {},
    "layers_per_block": 8
  },
  "results": {
    "num_epochs": 98,
    "train_loss": [
      2.2493412494659424,
      2.1552019119262695,
      2.0855937004089355,
      2.023332118988037,
      1.968830943107605,
      1.9297566413879395,
      1.9021978378295898,
      1.8793444633483887,
      1.8575767278671265,
      1.8365240097045898,
      1.8161154985427856,
      1.7962899208068848,
      1.7770423889160156,
      1.7582464218139648,
      1.73987877368927,
      1.7218633890151978,
      1.704168438911438,
      1.6866728067398071,
      1.6693270206451416,
      1.652178168296814,
      1.635143756866455,
      1.6182620525360107,
      1.6015580892562866,
      1.585126519203186,
      1.569081425666809,
      1.5535002946853638,
      1.5384093523025513,
      1.5238248109817505,
      1.5097064971923828,
      1.4960993528366089,
      1.4828994274139404,
      1.470215916633606,
      1.4577739238739014,
      1.4457918405532837,
      1.4340893030166626,
      1.4226863384246826,
      1.4113802909851074,
      1.400390863418579,
      1.3896287679672241,
      1.3790099620819092,
      1.3683948516845703,
      1.3581639528274536,
      1.3476803302764893,
      1.3371400833129883,
      1.3265128135681152,
      1.3157206773757935,
      1.3047727346420288,
      1.293474555015564,
      1.2824163436889648,
      1.2715665102005005,
      1.2607314586639404,
      1.2506756782531738,
      1.240689992904663,
      1.2307815551757812,
      1.2209975719451904,
      1.2111362218856812,
      1.2011460065841675,
      1.1912769079208374,
      1.1812130212783813,
      1.1712952852249146,
      1.160631775856018,
      1.1503304243087769,
      1.1398004293441772,
      1.1288182735443115,
      1.1174758672714233,
      1.1060103178024292,
      1.0945128202438354,
      1.0823595523834229,
      1.0700721740722656,
      1.057510256767273,
      1.0444886684417725,
      1.0312844514846802,
      1.017444133758545,
      1.0026905536651611,
      0.9881592988967896,
      0.9728721380233765,
      0.9568526148796082,
      0.9404470920562744,
      0.924069344997406,
      0.907427191734314,
      0.8906369805335999,
      0.872428297996521,
      0.8540616035461426,
      0.8354642987251282,
      0.8150468468666077,
      0.7935319542884827,
      0.7727981805801392,
      0.7526617050170898,
      0.7369539141654968,
      0.7268140912055969,
      0.692550539970398,
      0.6588136553764343,
      0.6224099397659302,
      0.5839309692382812,
      0.5493670105934143,
      0.522835373878479,
      0.5536320209503174,
      0.6294262409210205
    ],
    "train_acc": [
      18.0625,
      23.953125,
      26.72395896911621,
      29.421875,
      31.416667938232422,
      32.77604293823242,
      33.723960876464844,
      34.567710876464844,
      35.24479293823242,
      35.96875,
      36.828125,
      37.505210876464844,
      38.203125,
      38.86979293823242,
      39.708335876464844,
      40.302085876464844,
      40.875,
      41.609375,
      42.28125,
      42.703125,
      43.302085876464844,
      43.79166793823242,
      44.020835876464844,
      44.54166793823242,
      45.0625,
      45.55729293823242,
      46.036460876464844,
      46.41666793823242,
      46.90625,
      47.28125,
      47.833335876464844,
      48.223960876464844,
      48.77604293823242,
      49.208335876464844,
      49.609375,
      50.11979293823242,
      50.520835876464844,
      50.984375,
      51.348960876464844,
      51.74479293823242,
      52.098960876464844,
      52.60416793823242,
      53.020835876464844,
      53.333335876464844,
      53.614585876464844,
      53.83854293823242,
      54.24479293823242,
      54.692710876464844,
      55.09375,
      55.5,
      55.875,
      56.21875,
      56.53125,
      56.93229293823242,
      57.34375,
      57.74479293823242,
      58.08854293823242,
      58.40625,
      58.677085876464844,
      59.036460876464844,
      59.411460876464844,
      59.739585876464844,
      60.07291793823242,
      60.473960876464844,
      60.989585876464844,
      61.364585876464844,
      61.83854293823242,
      62.395835876464844,
      62.796875,
      63.390625,
      63.703125,
      64.25521087646484,
      64.80208587646484,
      65.36458587646484,
      65.94792175292969,
      66.5,
      67.19271087646484,
      67.68229675292969,
      68.51042175292969,
      69.11458587646484,
      69.88542175292969,
      70.578125,
      71.25,
      71.828125,
      72.67708587646484,
      73.55208587646484,
      74.30729675292969,
      74.859375,
      75.58854675292969,
      75.921875,
      77.17708587646484,
      78.36979675292969,
      79.58333587646484,
      81.08854675292969,
      82.34375,
      83.08854675292969,
      81.35417175292969,
      77.68229675292969
    ],