{
  "config": {
    "run_name": "exp1_4_L8_K64-128-256",
    "out_dir": "./results",
    "seed": 776622340,
    "device": null,
    "bs_train": 128,
    "bs_test": 32,
    "batches": 150,
    "epochs": 200,
    "early_stopping": 5,
    "checkpoints": null,
    "lr": 0.001,
    "reg": 0.001,
    "filters_per_layer": [
      64,
      128,
      256
    ],
    "pool_every": 8,
    "hidden_dims": [
      1000
    ],
    "model_type": "resnet",
    "pooling_params": {
      "kernel_size": 2
    },
    "conv_params": {
      "kernel_size": 3,
      "stride": 1,
      "padding": 1
    },
    "activation_type": "lrelu",
    "activation_params": {
      "negative_slope": 0.05
    },
    "pooling_type": "max",
    "kw": {},
    "layers_per_block": 8
  },
  "results": {
    "num_epochs": 192,
    "train_loss": [
      2.3022639751434326,
      2.3005917072296143,
      2.299055814743042,
      2.2974069118499756,
      2.2955052852630615,
      2.2931830883026123,
      2.2902050018310547,
      2.286285400390625,
      2.280895948410034,
      2.273263692855835,
      2.2621119022369385,
      2.245278835296631,
      2.21981143951416,
      2.1833767890930176,
      2.1395020484924316,
      2.0998334884643555,
      2.0709028244018555,
      2.049806594848633,
      2.0333564281463623,
      2.0199077129364014,
      2.0085458755493164,
      1.9987945556640625,
      1.9902191162109375,
      1.9824023246765137,
      1.975037693977356,
      1.9678874015808105,
      1.9607845544815063,
      1.9535949230194092,
      1.9462416172027588,
      1.9386643171310425,
      1.930786371231079,
      1.9225009679794312,
      1.9137035608291626,
      1.9043172597885132,
      1.8942819833755493,
      1.8834820985794067,
      1.8718361854553223,
      1.8592345714569092,
      1.8455621004104614,
      1.8306957483291626,
      1.8145273923873901,
      1.7970229387283325,
      1.7781378030776978,
      1.7579636573791504,
      1.7367377281188965,
      1.7149404287338257,
      1.6931710243225098,
      1.6721035242080688,
      1.6523147821426392,
      1.6343748569488525,
      1.6184961795806885,
      1.6045145988464355,
      1.5922096967697144,
      1.5813993215560913,
      1.5717097520828247,
      1.562944769859314,
      1.5548664331436157,
      1.5472426414489746,
      1.5399905443191528,
      1.5330909490585327,
      1.5264133214950562,
      1.5199095010757446,
      1.513564944267273,
      1.507301926612854,
      1.5011048316955566,
      1.4949589967727661,
      1.4888871908187866,
      1.4828284978866577,
      1.476830005645752,
      1.470927357673645,
      1.4650146961212158,
      1.459165334701538,
      1.4533487558364868,
      1.4476085901260376,
      1.4418803453445435,
      1.4362329244613647,
      1.4306700229644775,
      1.425190806388855,
      1.419838309288025,
      1.4145210981369019,
      1.409278154373169,
      1.4041904211044312,
      1.39909029006958,
      1.3940893411636353,
      1.389176368713379,
      1.384353518486023,
      1.3795651197433472,
      1.3749455213546753,
      1.370322585105896,
      1.3657549619674683,
      1.3612598180770874,
      1.3568241596221924,
      1.352295160293579,
      1.3478913307189941,
      1.3434542417526245,
      1.339047908782959,
      1.3346692323684692,
      1.3303816318511963,
      1.3261034488677979,
      1.3216601610183716,
      1.3172575235366821,
      1.312854290008545,
      1.3084867000579834,
      1.3040815591812134,
      1.299729585647583,
      1.2953391075134277,
      1.290888786315918,
      1.2864940166473389,
      1.2820438146591187,
      1.2776095867156982,
      1.2730720043182373,
      1.268674612045288,
      1.2641029357910156,
      1.259634017944336,
      1.2550742626190186,
      1.2505156993865967,
      1.2459518909454346,
      1.2413382530212402,
      1.236748218536377,
      1.2320343255996704,
      1.2273619174957275,
      1.222670316696167,
      1.2180097103118896,
      1.2132021188735962,
      1.2084615230560303,
      1.203656792640686,
      1.1989731788635254,
      1.1942534446716309,
      1.189583420753479,
      1.1847728490829468,
      1.179985523223877,
      1.1752465963363647,
      1.170413613319397,
      1.1654620170593262,
      1.1607199907302856,
      1.155694842338562,
      1.1507030725479126,
      1.1458442211151123,
      1.1408798694610596,
      1.1358928680419922,
      1.1308009624481201,
      1.1257975101470947,
      1.12073814868927,
      1.1156537532806396,
      1.11056649684906,
      1.1055904626846313,
      1.100343942642212,
      1.095278263092041,
      1.0899544954299927,
      1.0847636461257935,
      1.0792107582092285,
      1.073703646659851,
      1.0684176683425903,
      1.062813401222229,
      1.0573859214782715,
      1.0518102645874023,
      1.0462614297866821,
      1.0405075550079346,
      1.0347720384597778,
      1.0291337966918945,
      1.0234392881393433,
      1.017685890197754,
      1.0116633176803589,
      1.0058144330978394,
      1.000048279762268,
      0.9942166209220886,
      0.9880958199501038,
      0.9818732738494873,
      0.9758793115615845,
      0.9699897170066833,
      0.9637685418128967,
      0.9574422240257263,
      0.9511341452598572,
      0.944855272769928,
      0.9386783838272095,
      0.9323409795761108,
      0.9259961843490601,
      0.9194014668464661,
      0.912816047668457,
      0.9063896536827087,
      0.8996787667274475,
      0.8930445313453674,
      0.8864322900772095,
      0.8793424367904663,
      0.8723561763763428,
      0.8651484251022339,
      0.857681393623352,
      0.8506504893302917,
      0.8432396650314331,
      0.8361387252807617,
      0.8285187482833862,
      0.8210141062736511
    ],