{
  "config": {
    "run_name": "exp1_2_L8_K128",
    "out_dir": "./results",
    "seed": 241080693,
    "device": null,
    "bs_train": 128,
    "bs_test": 32,
    "batches": 150,
    "epochs": 70,
    "early_stopping": 5,
    "checkpoints": null,
    "lr": 0.001,
    "reg": 0.001,
    "filters_per_layer": [
      128
    ],
    "pool_every": 4,
    "hidden_dims": [
      100,
      100
    ],
    "model_type": "cnn",
    "pooling_params": {
      "kernel_size": 2
    },
    "conv_params": {
      "kernel_size": 3,
      "stride": 1,
      "padding": 1
    },
    "activation_type": "lrelu",
    "activation_params": {
      "negative_slope": 0.05
    },
    "pooling_type": "max",
    "kw": {},
    "layers_per_block": 8
  },
  "results": {
    "num_epochs": 16,
    "train_loss": [
      2.3040964603424072,
      2.3035085201263428,
      2.303130865097046,
      2.3028905391693115,
      2.3027374744415283,
      2.3026390075683594,
      2.3025755882263184,
      2.3025341033935547,
      2.3025083541870117,
      2.302490472793579,
      2.3024797439575195,
      2.3024725914001465,
      2.302467107772827,
      2.302464008331299,
      2.302461862564087,
      2.3024604320526123
    ],
    "train_acc": [
      10.052083969116211,
      10.192708969116211,
      10.192708969116211,
      10.192708969116211,
      10.192708969116211,
      10.192708969116211,
      10.192708969116211,
      10.192708969116211,
      10.09375,
      9.765625,
      9.927083969116211,
      10.239583969116211,
      10.239583969116211,
      10.239583969116211,
      10.239583969116211,
      10.239583969116211
    ],
    "test_loss": [
      2.3037989139556885,
      2.3033509254455566,
      2.3030686378479004,
      2.3028900623321533,
      2.3027777671813965,
      2.302706718444824,
      2.3026621341705322,
      2.3026340007781982,
      2.302617073059082,
      2.302605628967285,
      2.3025991916656494,
      2.3025949001312256,
      2.3025922775268555,
      2.302590847015381,
      2.3025901317596436,
      2.3025894165039062
    ],
    "test_acc": [
      10.375,
      10.375,
      10.375,
      10.375,
      10.375,
      10.375,
      10.375,
      10.375,
      10.375,
      10.375,
      9.895833333333334,
      9.895833333333334,
      9.895833333333334,
      9.895833333333334,
      9.895833333333334
    ]
  }
}