{
  "config": {
    "run_name": "exp1_2_L4_K128",
    "out_dir": "./results",
    "seed": 2143467862,
    "device": null,
    "bs_train": 128,
    "bs_test": 32,
    "batches": 150,
    "epochs": 70,
    "early_stopping": 5,
    "checkpoints": null,
    "lr": 0.001,
    "reg": 0.001,
    "filters_per_layer": [
      128
    ],
    "pool_every": 4,
    "hidden_dims": [
      100,
      100
    ],
    "model_type": "cnn",
    "pooling_params": {
      "kernel_size": 2
    },
    "conv_params": {
      "kernel_size": 3,
      "stride": 1,
      "padding": 1
    },
    "activation_type": "lrelu",
    "activation_params": {
      "negative_slope": 0.05
    },
    "pooling_type": "max",
    "kw": {},
    "layers_per_block": 4
  },
  "results": {
    "num_epochs": 57,
    "train_loss": [
      2.3043594360351562,
      2.3033342361450195,
      2.3025102615356445,
      2.3016245365142822,
      2.3002843856811523,
      2.2978837490081787,
      2.291811466217041,
      2.2643661499023438,
      2.145503520965576,
      2.0033118724823,
      1.91924250125885,
      1.8681796789169312,
      1.8168712854385376,
      1.7622320652008057,
      1.7170525789260864,
      1.6784857511520386,
      1.6484858989715576,
      1.6224000453948975,
      1.59891676902771,
      1.5765366554260254,
      1.5569709539413452,
      1.5394445657730103,
      1.5227965116500854,
      1.5056017637252808,
      1.4902558326721191,
      1.4745875597000122,
      1.4593420028686523,
      1.4429620504379272,
      1.4275633096694946,
      1.411250114440918,
      1.3955022096633911,
      1.3813382387161255,
      1.3650621175765991,
      1.3504302501678467,
      1.3348255157470703,
      1.318353295326233,
      1.3016510009765625,
      1.2862353324890137,
      1.2704623937606812,
      1.2530790567398071,
      1.2336578369140625,
      1.2162890434265137,
      1.1995731592178345,
      1.1803807020187378,
      1.1642507314682007,
      1.144749402999878,
      1.1242858171463013,
      1.1034947633743286,
      1.0825538635253906,
      1.0607506036758423,
      1.0353457927703857,
      1.0106642246246338,
      0.9798425436019897,
      0.9535627365112305,
      0.9265283346176147,
      0.9014734625816345,
      0.8754723072052002
    ],
    "train_acc": [
      10.098958969116211,
      10.098958969116211,
      10.098958969116211,
      10.098958969116211,
      10.536458969116211,
      11.916666984558105,
      12.885416984558105,
      13.578125,
      22.27083396911621,
      29.19270896911621,
      31.869792938232422,
      33.49479293823242,
      35.19791793823242,
      36.90625,
      38.546875,
      40.161460876464844,
      41.16666793823242,
      42.208335876464844,
      42.83854293823242,
      43.895835876464844,
      44.71354293823242,
      45.49479293823242,
      46.02604293823242,
      46.734375,
      47.411460876464844,
      47.973960876464844,
      48.5625,
      49.083335876464844,
      49.739585876464844,
      50.40104293823242,
      50.93229293823242,
      51.458335876464844,
      52.01041793823242,
      52.35416793823242,
      53.04166793823242,
      53.72916793823242,
      54.1875,
      54.546875,
      55.125,
      55.80729293823242,
      56.359375,
      57.05729293823242,
      57.765625,
      58.5625,
      59.114585876464844,
      59.786460876464844,
      60.536460876464844,
      61.25,
      61.958335876464844,
      62.671875,
      63.5625,
      64.40104675292969,
      65.68229675292969,
      66.73958587646484,
      67.859375,
      68.80729675292969,
      69.55208587646484
    ],
    "test_loss": [
      2.3041772842407227,
      2.3032724857330322,
      2.3024439811706543,
      2.3013834953308105,
      2.2996609210968018,
      2.29622220993042,
      2.2857279777526855,
      2.2213876247406006,
      2.07234787940979,
      1.927530288696289,
      1.8730531930923462,
      1.822198510169983,
      1.7757787704467773,
      1.7251216173171997,
      1.6859245300292969,
      1.6649632453918457,
      1.637458086013794,
      1.6179736852645874,
      1.6054493188858032,
      1.5925860404968262,
      1.5812623500823975,
      1.5736581087112427,
      1.563583254814148,
      1.5600812435150146,
      1.54734206199646,
      1.540533185005188,
      1.5236713886260986,
      1.5126214027404785,
      1.5048179626464844,
      1.4907798767089844,
      1.4867993593215942,
      1.4722874164581299,
      1.4624807834625244,
      1.4581550359725952,
      1.4466947317123413,
      1.4394842386245728,
      1.436841607093811,
      1.432392954826355,
      1.4271360635757446,
      1.4218523502349854,
      1.412259578704834,
      1.4042361974716187,
      1.3956608772277832,
      1.3868627548217773,
      1.3814319372177124,
      1.375097393989563,
      1.3767846822738647,
      1.3724383115768433,
      1.373998999595642,
      1.3767776489257812,
      1.3780139684677124,
      1.3809186220169067,
      1.3918062448501587,
      1.3999147415161133,
      1.4121198654174805,
      1.431545376777649,
      1.4872007369995117
    ],
    "test_acc": [
      10.1875,
      10.1875,
      10.1875,
      10.1875,
      11.375,
      12.791666666666666,
      12.645833333333334,
      16.125,
      24.5625,
      31.1875,
      32.645833333333336,
      34.604166666666664,
      36.145833333333336,
      38.479166666666664,
      39.75,
      40.625,
      41.333333333333336,
      42.6875,
      43.0625,
      43.583333333333336,
      44.125,
      44.270833333333336,
      44.770833333333336,
      45.125,
      45.520833333333336,
      45.916666666666664,
      46.25,
      47.041666666666664,
      47.4375,
      47.9375,
      47.854166666666664,
      48.6875,
      48.833333333333336,
      49.0625,
      49.520833333333336,
      49.854166666666664,
      49.645833333333336,
      49.854166666666664,
      50.041666666666664,
      50.291666666666664,
      50.833333333333336,
      51.395833333333336,
      51.520833333333336,
      52.125,
      52.3125,
      52.270833333333336,
      52.395833333333336,
      52.541666666666664,
      52.770833333333336,
      52.708333333333336,
      53.125,
      52.75,
      52.75,
      52.729166666666664,
      52.625,
      52.083333333333336
    ]
  }
}