{
  "config": {
    "run_name": "exp1_2_L8_K64",
    "out_dir": "./results",
    "seed": 245945732,
    "device": null,
    "bs_train": 128,
    "bs_test": 32,
    "batches": 150,
    "epochs": 70,
    "early_stopping": 5,
    "checkpoints": null,
    "lr": 0.001,
    "reg": 0.001,
    "filters_per_layer": [
      64
    ],
    "pool_every": 4,
    "hidden_dims": [
      1000
    ],
    "model_type": "cnn",
    "pooling_params": {
      "kernel_size": 2
    },
    "conv_params": {
      "kernel_size": 3,
      "stride": 1,
      "padding": 1
    },
    "activation_type": "lrelu",
    "activation_params": {
      "negative_slope": 0.05
    },
    "pooling_type": "max",
    "kw": {},
    "layers_per_block": 8
  },
  "results": {
    "num_epochs": 70,
    "train_loss": [
      2.3026838302612305,
      2.3025989532470703,
      2.302546977996826,
      2.302513599395752,
      2.302492380142212,
      2.3024799823760986,
      2.302471160888672,
      2.3024649620056152,
      2.302462100982666,
      2.302459239959717,
      2.302457571029663,
      2.3024559020996094,
      2.302455186843872,
      2.3024539947509766,
      2.3024537563323975,
      2.3024535179138184,
      2.30245304107666,
      2.302452802658081,
      2.302452564239502,
      2.3024520874023438,
      2.3024520874023438,
      2.3024516105651855,
      2.3024513721466064,
      2.3024513721466064,
      2.3024508953094482,
      2.302450656890869,
      2.302450656890869,
      2.30245041847229,
      2.302450180053711,
      2.3024494647979736,
      2.3024492263793945,
      2.3024492263793945,
      2.3024487495422363,
      2.3024487495422363,
      2.302448034286499,
      2.302448034286499,
      2.302448034286499,
      2.302447557449341,
      2.3024473190307617,
      2.3024473190307617,
      2.3024468421936035,
      2.3024466037750244,
      2.3024466037750244,
      2.3024466037750244,
      2.3024466037750244,
      2.3024463653564453,
      2.302446126937866,
      2.302446126937866,
      2.302445650100708,
      2.302445411682129,
      2.302445411682129,
      2.30244517326355,
      2.3024449348449707,
      2.3024444580078125,
      2.3024442195892334,
      2.3024439811706543,
      2.302443742752075,
      2.302443742752075,
      2.302443504333496,
      2.302443504333496,
      2.302443265914917,
      2.302443027496338,
      2.302442789077759,
      2.302442789077759,
      2.3024423122406006,
      2.3024420738220215,
      2.3024420738220215,
      2.3024418354034424,
      2.3024415969848633,
      2.302441358566284
    ],
    "train_acc": [
      10.098958969116211,
      10.098958969116211,
      10.098958969116211,
      10.098958969116211,
      10.098958969116211,
      10.098958969116211,
      10.098958969116211,
      9.942708969116211,
      10.239583969116211,
      10.239583969116211,
      10.239583969116211,
      10.239583969116211,
      10.239583969116211,
      10.239583969116211,
      10.239583969116211,
      10.239583969116211,
      10.239583969116211,
      10.239583969116211,
      10.239583969116211,
      10.239583969116211,
      10.239583969116211,
      10.239583969116211,
      10.239583969116211,
      10.239583969116211,
      10.239583969116211,
      10.239583969116211,
      10.239583969116211,
      10.239583969116211,
      10.239583969116211,
      10.239583969116211,
      10.239583969116211,
      10.239583969116211,
      10.239583969116211,
      10.239583969116211,
      10.239583969116211,
      10.239583969116211,
      10.239583969116211,
      10.239583969116211,
      10.239583969116211,
      10.239583969116211,
      10.239583969116211,
      10.239583969116211,
      10.239583969116211,
      10.239583969116211,
      10.239583969116211,
      10.239583969116211,
      10.239583969116211,
      10.239583969116211,
      10.239583969116211,
      10.239583969116211,
      10.239583969116211,
      10.239583969116211,
      10.239583969116211,
      10.239583969116211,
      10.239583969116211,
      10.239583969116211,
      10.239583969116211,
      10.239583969116211,
      10.239583969116211,
      10.239583969116211,
      10.239583969116211,
      10.239583969116211,
      10.239583969116211,
      10.239583969116211,
      10.239583969116211,
      10.239583969116211,
      10.239583969116211,
      10.239583969116211,
      10.239583969116211,
      10.239583969116211
    ],
    "test_loss": [
      2.3025617599487305,
      2.302539348602295,
      2.302532911300659,
      2.3025338649749756,
      2.3025381565093994,
      2.3025450706481934,
      2.3025505542755127,
      2.302555561065674,
      2.3025615215301514,
      2.302565336227417,
      2.3025684356689453,
      2.302572250366211,
      2.3025741577148438,
      2.3025763034820557,
      2.3025782108306885,
      2.302578926086426,
      2.3025801181793213,
      2.3025803565979004,
      2.3025805950164795,
      2.3025810718536377,
      2.302581310272217,
      2.302581787109375,
      2.302581787109375,
      2.302581787109375,
      2.302581787109375,
      2.302582025527954,
      2.302581787109375,
      2.302582025527954,
      2.302581787109375,
      2.302582025527954,
      2.302581787109375,
      2.302581548690796,
      2.302581548690796,
      2.302581310272217,
      2.302581310272217,
      2.302581310272217,
      2.3025810718536377,
      2.3025810718536377,
      2.3025805950164795,
      2.3025808334350586,
      2.3025805950164795,
      2.3025805950164795,
      2.3025803565979004,
      2.3025803565979004,
      2.3025801181793213,
      2.302579879760742,
      2.302579641342163,
      2.302579402923584,
      2.302579402923584,
      2.302578926086426,
      2.3025786876678467,
      2.3025786876678467,
      2.3025784492492676,
      2.3025782108306885,
      2.3025782108306885,
      2.3025782108306885,
      2.3025777339935303,
      2.3025777339935303,
      2.302577495574951,
      2.302577495574951,
      2.302577495574951,
      2.302577018737793,
      2.302576780319214,
      2.3025765419006348,
      2.3025765419006348,
      2.3025763034820557,
      2.3025760650634766,
      2.3025758266448975,
      2.3025758266448975,
      2.3025755882263184
    ],