{
  "config": {
    "run_name": "exp1_4_L4_K64-128-256",
    "out_dir": "./results",
    "seed": 1049868221,
    "device": null,
    "bs_train": 128,
    "bs_test": 32,
    "batches": 150,
    "epochs": 200,
    "early_stopping": 5,
    "checkpoints": null,
    "lr": 0.001,
    "reg": 0.001,
    "filters_per_layer": [
      64,
      128,
      256
    ],
    "pool_every": 8,
    "hidden_dims": [
      1000
    ],
    "model_type": "resnet",
    "pooling_params": {
      "kernel_size": 2
    },
    "conv_params": {
      "kernel_size": 3,
      "stride": 1,
      "padding": 1
    },
    "activation_type": "lrelu",
    "activation_params": {
      "negative_slope": 0.05
    },
    "pooling_type": "max",
    "kw": {},
    "layers_per_block": 4
  },
  "results": {
    "num_epochs": 69,
    "train_loss": [
      2.2518815994262695,
      2.1181702613830566,
      2.0006728172302246,
      1.9350240230560303,
      1.8940911293029785,
      1.856718897819519,
      1.817083716392517,
      1.7740939855575562,
      1.7319321632385254,
      1.6958389282226562,
      1.6633845567703247,
      1.6321734189987183,
      1.6020299196243286,
      1.5738344192504883,
      1.5470349788665771,
      1.5217247009277344,
      1.49873948097229,
      1.4762177467346191,
      1.4540728330612183,
      1.4331483840942383,
      1.4141864776611328,
      1.3959633111953735,
      1.3787834644317627,
      1.3622409105300903,
      1.3466064929962158,
      1.3316236734390259,
      1.317356824874878,
      1.3042293787002563,
      1.290057897567749,
      1.2744282484054565,
      1.2585196495056152,
      1.2429001331329346,
      1.2263596057891846,
      1.2097806930541992,
      1.1924083232879639,
      1.1745679378509521,
      1.15656316280365,
      1.1391477584838867,
      1.1213043928146362,
      1.1042126417160034,
      1.0865377187728882,
      1.0689176321029663,
      1.0513677597045898,
      1.0339500904083252,
      1.0174598693847656,
      0.9993263483047485,
      0.9825857281684875,
      0.9615309834480286,
      0.9403267502784729,
      0.9180124998092651,
      0.8951443433761597,
      0.8720996379852295,
      0.8488121628761292,
      0.8252439498901367,
      0.8006725907325745,
      0.77621990442276,
      0.7587733864784241,
      0.7679018378257751,
      0.7580356597900391,
      0.7119037508964539,
      0.6722623705863953,
      0.6400137543678284,
      0.6182843446731567,
      0.6256023645401001,
      0.6344451308250427,
      0.6223856806755066,
      0.5874820947647095,
      0.5382418036460876,
      0.49915581941604614
    ],
    "train_acc": [
      18.703125,
      26.73958396911621,
      30.041667938232422,
      31.932292938232422,
      33.677085876464844,
      34.9375,
      36.265625,
      37.58854293823242,
      39.083335876464844,
      40.442710876464844,
      41.630210876464844,
      42.54166793823242,
      43.380210876464844,
      43.942710876464844,
      44.796875,
      45.734375,
      46.36979293823242,
      47.161460876464844,
      47.989585876464844,
      48.677085876464844,
      49.270835876464844,
      49.88541793823242,
      50.58854293823242,
      51.348960876464844,
      51.770835876464844,
      52.34375,
      53.0,
      53.65625,
      54.22916793823242,
      54.817710876464844,
      55.395835876464844,
      55.890625,
      56.380210876464844,
      56.953125,
      57.614585876464844,
      58.302085876464844,
      58.86979293823242,
      59.57291793823242,
      60.18229293823242,
      60.848960876464844,
      61.364585876464844,
      62.07291793823242,
      62.880210876464844,
      63.46354293823242,
      64.18229675292969,
      65.0625,
      65.63021087646484,
      66.421875,
      67.203125,
      68.00521087646484,
      68.97917175292969,
      69.85417175292969,
      70.74479675292969,
      71.55729675292969,
      72.48958587646484,
      73.34375,
      74.02083587646484,
      73.56771087646484,
      73.953125,
      75.90625,
      77.56771087646484,
      78.6875,
      79.26042175292969,
      79.109375,
      78.203125,
      78.67708587646484,
      80.34375,
      82.33333587646484,
      83.859375
    ],
    "test_loss": [
      2.187727689743042,
      2.0487985610961914,
      1.9658770561218262,
      1.9179335832595825,
      1.8809155225753784,
      1.8480716943740845,
      1.8014215230941772,
      1.7560441493988037,
      1.7153023481369019,
      1.6759427785873413,
      1.643835186958313,
      1.615574598312378,
      1.587820291519165,
      1.5628443956375122,
      1.5402426719665527,
      1.5198142528533936,
      1.4983271360397339,
      1.4756464958190918,
      1.4583547115325928,
      1.4440752267837524,
      1.431735873222351,
      1.4202252626419067,
      1.410727620124817,
      1.401986837387085,
      1.3953675031661987,
      1.3909262418746948,
      1.3914967775344849,
      1.3975071907043457,
      1.394443392753601,
      1.3855341672897339,
      1.3764660358428955,
      1.364439606666565,
      1.351690411567688,
      1.3396669626235962,
      1.3252441883087158,
      1.313633918762207,
      1.2996646165847778,
      1.2899261713027954,
      1.2835315465927124,
      1.276322603225708,
      1.271850347518921,
      1.2672662734985352,
      1.263424277305603,
      1.26571524143219,
      1.2664966583251953,
      1.2600995302200317,
      1.2489354610443115,
      1.2413114309310913,
      1.2389476299285889,
      1.2394299507141113,
      1.2401962280273438,
      1.2407480478286743,
      1.244032621383667,
      1.246218204498291,
      1.254395604133606,
      1.2655714750289917,
      1.2746005058288574,
      1.2705440521240234,
      1.274672269821167,
      1.284889578819275,
      1.2937872409820557,
      1.309763789176941,
      1.3315283060073853,
      1.3415429592132568,
      1.3808948993682861,
      1.4397448301315308,
      1.4925178289413452,
      1.5369468927383423,
      1.5766990184783936
    ],
    "test_acc": [
      24.833333333333332,
      27.729166666666668,
      30.270833333333332,
      32.145833333333336,
      33.3125,
      34.875,
      36.104166666666664,
      38.0625,
      39.208333333333336,
      40.416666666666664,
      41.0625,
      41.645833333333336,
      42.520833333333336,
      43.458333333333336,
      44.458333333333336,
      44.895833333333336,
      45.9375,
      47.083333333333336,
      47.541666666666664,
      48.354166666666664,
      49.083333333333336,
      49.770833333333336,
      50.125,
      50.541666666666664,
      50.8125,
      50.625,
      50.833333333333336,
      50.4375,
      50.583333333333336,
      50.9375,
      51.5,
      51.916666666666664,
      52.270833333333336,
      52.645833333333336,
      52.979166666666664,
      53.354166666666664,
      53.979166666666664,
      54.416666666666664,
      54.770833333333336,
      55.25,
      55.208333333333336,
      55.395833333333336,
      55.625,
      55.770833333333336,
      55.791666666666664,
      55.958333333333336,
      56.479166666666664,
      56.5625,
      56.604166666666664,
      56.604166666666664,
      57.020833333333336,
      57.1875,
      57.166666666666664,
      57.479166666666664,
      57.708333333333336,
      57.604166666666664,
      57.520833333333336,
      57.770833333333336,
      57.666666666666664,
      57.708333333333336,
      57.875,
      57.9375,
      58.25,
      57.645833333333336,
      56.979166666666664,
      54.6875,
      54.4375,
      54.625
    ]
  }
}