{
  "config": {
    "run_name": "exp1_3_L1_K64-128-256",
    "out_dir": "./results",
    "seed": 546233327,
    "device": null,
    "bs_train": 128,
    "bs_test": 32,
    "batches": 150,
    "epochs": 70,
    "early_stopping": 5,
    "checkpoints": null,
    "lr": 0.001,
    "reg": 0.001,
    "filters_per_layer": [
      64,
      128,
      256
    ],
    "pool_every": 4,
    "hidden_dims": [
      100,
      100
    ],
    "model_type": "cnn",
    "pooling_params": {
      "kernel_size": 2
    },
    "conv_params": {
      "kernel_size": 3,
      "stride": 1,
      "padding": 1
    },
    "activation_type": "lrelu",
    "activation_params": {
      "negative_slope": 0.05
    },
    "pooling_type": "max",
    "kw": {},
    "layers_per_block": 1
  },
  "results": {
    "num_epochs": 50,
    "train_loss": [
      2.2969534397125244,
      2.241067886352539,
      2.1047961711883545,
      1.9547430276870728,
      1.8742411136627197,
      1.8131543397903442,
      1.7542998790740967,
      1.7050243616104126,
      1.6645323038101196,
      1.6297053098678589,
      1.6004223823547363,
      1.5712804794311523,
      1.5442017316818237,
      1.5187150239944458,
      1.4937421083450317,
      1.4711097478866577,
      1.4487956762313843,
      1.4277374744415283,
      1.4078149795532227,
      1.3888391256332397,
      1.3701926469802856,
      1.3527674674987793,
      1.3342235088348389,
      1.317001461982727,
      1.2981137037277222,
      1.2782660722732544,
      1.2599527835845947,
      1.2393691539764404,
      1.2211029529571533,
      1.2014697790145874,
      1.1810411214828491,
      1.1617563962936401,
      1.1424371004104614,
      1.1209709644317627,
      1.1008434295654297,
      1.0774166584014893,
      1.0537902116775513,
      1.0299580097198486,
      1.0039383172988892,
      0.9762033224105835,
      0.9495149850845337,
      0.9223607182502747,
      0.8941742777824402,
      0.8662533760070801,
      0.8368008732795715,
      0.8076316714286804,
      0.7805148959159851,
      0.7553197741508484,
      0.7351389527320862,
      0.7124431133270264
    ],
    "train_acc": [
      10.411458969116211,
      17.541667938232422,
      22.8125,
      30.088542938232422,
      33.41666793823242,
      35.41666793823242,
      37.427085876464844,
      39.036460876464844,
      40.80729293823242,
      41.828125,
      42.864585876464844,
      43.99479293823242,
      45.098960876464844,
      45.921875,
      46.84375,
      47.578125,
      48.5,
      48.958335876464844,
      49.786460876464844,
      50.578125,
      51.052085876464844,
      51.88541793823242,
      52.598960876464844,
      53.296875,
      54.05729293823242,
      54.880210876464844,
      55.395835876464844,
      56.192710876464844,
      56.942710876464844,
      57.515625,
      58.35416793823242,
      59.30729293823242,
      59.78125,
      60.489585876464844,
      61.239585876464844,
      62.255210876464844,
      63.02604293823242,
      64.02604675292969,
      64.89583587646484,
      66.05208587646484,
      67.18229675292969,
      68.078125,
      69.27604675292969,
      70.109375,
      70.97917175292969,
      72.21354675292969,
      73.15104675292969,
      74.03646087646484,
      74.97396087646484,
      75.6875
    ],
    "test_loss": [
      2.2858879566192627,
      2.1621789932250977,
      2.014597177505493,
      1.882593035697937,
      1.8263604640960693,
      1.7697285413742065,
      1.7234352827072144,
      1.6843823194503784,
      1.653894305229187,
      1.6287389993667603,
      1.6138336658477783,
      1.5972334146499634,
      1.5803979635238647,
      1.5557101964950562,
      1.5380209684371948,
      1.518823504447937,
      1.5043022632598877,
      1.4895081520080566,
      1.4758027791976929,
      1.465919852256775,
      1.4545069932937622,
      1.4498190879821777,
      1.435785174369812,
      1.4219913482666016,
      1.4144524335861206,
      1.3988326787948608,
      1.3874858617782593,
      1.3762853145599365,
      1.3708311319351196,
      1.3624438047409058,
      1.355543851852417,
      1.351778507232666,
      1.352868676185608,
      1.3473683595657349,
      1.3438947200775146,
      1.3475456237792969,
      1.3452012538909912,
      1.3484498262405396,
      1.3523120880126953,
      1.3571542501449585,
      1.3628807067871094,
      1.3707261085510254,
      1.3771482706069946,
      1.3854832649230957,
      1.4047081470489502,
      1.416744351387024,
      1.4320131540298462,
      1.4409172534942627,
      1.4747954607009888,
      1.5175620317459106
    ],
    "test_acc": [
      15.354166666666666,
      19.9375,
      26.3125,
      33.083333333333336,
      35.541666666666664,
      37.0625,
      38.708333333333336,
      40.208333333333336,
      41.625,
      42.875,
      43.458333333333336,
      43.958333333333336,
      44.708333333333336,
      45.604166666666664,
      46.458333333333336,
      47.020833333333336,
      47.25,
      47.9375,
      48.229166666666664,
      48.583333333333336,
      48.854166666666664,
      48.770833333333336,
      49.5625,
      50.291666666666664,
      50.583333333333336,
      51.0,
      51.5,
      51.6875,
      52.166666666666664,
      52.770833333333336,
      53.145833333333336,
      53.333333333333336,
      53.291666666666664,
      53.416666666666664,
      53.583333333333336,
      53.9375,
      54.125,
      54.1875,
      53.791666666666664,
      54.0,
      54.416666666666664,
      54.541666666666664,
      54.5625,
      54.791666666666664,
      54.625,
      54.375,
      54.3125,
      54.0625,
      53.541666666666664
    ]
  }
}