{
  "config": {
    "run_name": "exp1_2_L8_K32",
    "out_dir": "./results",
    "seed": 1075673524,
    "device": null,
    "bs_train": 128,
    "bs_test": 32,
    "batches": 150,
    "epochs": 70,
    "early_stopping": 5,
    "checkpoints": null,
    "lr": 0.001,
    "reg": 0.001,
    "filters_per_layer": [
      32
    ],
    "pool_every": 4,
    "hidden_dims": [
      1000
    ],
    "model_type": "cnn",
    "pooling_params": {
      "kernel_size": 2
    },
    "conv_params": {
      "kernel_size": 3,
      "stride": 1,
      "padding": 1
    },
    "activation_type": "lrelu",
    "activation_params": {
      "negative_slope": 0.05
    },
    "pooling_type": "max",
    "kw": {},
    "layers_per_block": 8
  },
  "results": {
    "num_epochs": 16,
    "train_loss": [
      2.30277419090271,
      2.3026483058929443,
      2.3025741577148438,
      2.302529811859131,
      2.3025033473968506,
      2.302487850189209,
      2.3024771213531494,
      2.3024706840515137,
      2.3024673461914062,
      2.3024649620056152,
      2.3024630546569824,
      2.302461862564087,
      2.3024609088897705,
      2.302460193634033,
      2.3024590015411377,
      2.3024590015411377
    ],
    "train_acc": [
      10.098958969116211,
      10.0,
      10.026041984558105,
      10.057291984558105,
      9.932291984558105,
      10.192708969116211,
      10.192708969116211,
      10.192708969116211,
      10.125,
      9.776041984558105,
      9.96875,
      10.239583969116211,
      10.239583969116211,
      10.239583969116211,
      10.239583969116211,
      10.239583969116211
    ],
    "test_loss": [
      2.3025221824645996,
      2.302497386932373,
      2.302495241165161,
      2.302502155303955,
      2.3025145530700684,
      2.3025259971618652,
      2.3025381565093994,
      2.3025479316711426,
      2.302556037902832,
      2.302563190460205,
      2.302568197250366,
      2.30257248878479,
      2.3025758266448975,
      2.3025782108306885,
      2.302579879760742,
      2.3025808334350586
    ],
    "test_acc": [
      10.1875,
      10.229166666666666,
      10.354166666666666,
      10.375,
      10.375,
      10.375,
      10.375,
      10.375,
      10.375,
      10.375,
      9.895833333333334,
      9.895833333333334,
      9.895833333333334,
      9.895833333333334,
      9.895833333333334
    ]
  }
}