{
  "config": {
    "run_name": "exp1_4_L32_K32",
    "out_dir": "./results",
    "seed": 854310928,
    "device": null,
    "bs_train": 128,
    "bs_test": 32,
    "batches": 150,
    "epochs": 200,
    "early_stopping": 5,
    "checkpoints": null,
    "lr": 0.001,
    "reg": 0.001,
    "filters_per_layer": [
      32
    ],
    "pool_every": 8,
    "hidden_dims": [
      1000
    ],
    "model_type": "resnet",
    "pooling_params": {
      "kernel_size": 2
    },
    "conv_params": {
      "kernel_size": 3,
      "stride": 1,
      "padding": 1
    },
    "activation_type": "lrelu",
    "activation_params": {
      "negative_slope": 0.05
    },
    "pooling_type": "max",
    "kw": {},
    "layers_per_block": 32
  },
  "results": {
    "num_epochs": 184,
    "train_loss": [
      2.300171136856079,
      2.2951455116271973,
      2.290245532989502,
      2.2848899364471436,
      2.2787981033325195,
      2.2719039916992188,
      2.2641761302948,
      2.2554256916046143,
      2.2453527450561523,
      2.2336065769195557,
      2.2204277515411377,
      2.206272840499878,
      2.191314697265625,
      2.1760735511779785,
      2.1609561443328857,
      2.1463019847869873,
      2.1323602199554443,
      2.119173288345337,
      2.1066176891326904,
      2.094421148300171,
      2.082427740097046,
      2.070561170578003,
      2.058767795562744,
      2.0469672679901123,
      2.0350887775421143,
      2.0230164527893066,
      2.010751247406006,
      1.9982458353042603,
      1.9855135679244995,
      1.9725860357284546,
      1.9594634771347046,
      1.9460958242416382,
      1.932630181312561,
      1.919237494468689,
      1.9060180187225342,
      1.893208622932434,
      1.8810609579086304,
      1.8693208694458008,
      1.8586664199829102,
      1.8490533828735352,
      1.8404572010040283,
      1.8327054977416992,
      1.8255882263183594,
      1.8189406394958496,
      1.8127182722091675,
      1.8067978620529175,
      1.8011140823364258,
      1.7955083847045898,
      1.7898242473602295,
      1.7841391563415527,
      1.77863347530365,
      1.7732515335083008,
      1.7680500745773315,
      1.7629071474075317,
      1.7578253746032715,
      1.7524629831314087,
      1.7472631931304932,
      1.7426977157592773,
      1.7384289503097534,
      1.734462857246399,
      1.7306064367294312,
      1.7267740964889526,
      1.722957968711853,
      1.7192301750183105,
      1.7155723571777344,
      1.711786150932312,
      1.7079980373382568,
      1.7042183876037598,
      1.7004719972610474,
      1.6967065334320068,
      1.6928749084472656,
      1.6889533996582031,
      1.6848856210708618,
      1.6808220148086548,
      1.6765930652618408,
      1.6720294952392578,
      1.6671864986419678,
      1.6619107723236084,
      1.655967116355896,
      1.6493793725967407,
      1.6418530941009521,
      1.632725477218628,
      1.6199675798416138,
      1.6110049486160278,
      1.6045637130737305,
      1.5958102941513062,
      1.587207555770874,
      1.5776100158691406,
      1.5683226585388184,
      1.5593472719192505,
      1.5505757331848145,
      1.5418694019317627,
      1.5336110591888428,
      1.5252994298934937,
      1.5165866613388062,
      1.508744239807129,
      1.5011887550354004,
      1.4935023784637451,
      1.4861904382705688,
      1.4793212413787842,
      1.4725178480148315,
      1.4658668041229248,
      1.4598114490509033,
      1.4538251161575317,
      1.4474924802780151,
      1.4411925077438354,
      1.4355041980743408,
      1.4298286437988281,
      1.4238418340682983,
      1.4179850816726685,
      1.4123430252075195,
      1.4064693450927734,
      1.4010164737701416,
      1.3956646919250488,
      1.3903577327728271,
      1.385284662246704,
      1.3794829845428467,
      1.3741834163665771,
      1.3690283298492432,
      1.3639037609100342,
      1.3592389822006226,
      1.3543601036071777,
      1.3497607707977295,
      1.3447139263153076,
      1.3394176959991455,
      1.334607481956482,
      1.3300257921218872,
      1.3244764804840088,
      1.3181918859481812,
      1.3123539686203003,
      1.3064720630645752,
      1.3006843328475952,
      1.2952828407287598,
      1.2892805337905884,
      1.2832473516464233,
      1.277212142944336,
      1.271003007888794,
      1.2652369737625122,
      1.259028673171997,
      1.2529557943344116,
      1.2479262351989746,
      1.2420015335083008,
      1.2362667322158813,
      1.2319025993347168,
      1.2262396812438965,
      1.2205997705459595,
      1.2144001722335815,
      1.208857774734497,
      1.2020325660705566,
      1.1988404989242554,
      1.1918411254882812,
      1.1858981847763062,
      1.1783868074417114,
      1.1708862781524658,
      1.1669981479644775,
      1.1607131958007812,
      1.1525382995605469,
      1.1465404033660889,
      1.1413158178329468,
      1.1345784664154053,
      1.1311010122299194,
      1.126833200454712,
      1.1201895475387573,
      1.115820288658142,
      1.1095919609069824,
      1.1062344312667847,
      1.1020270586013794,
      1.0951567888259888,
      1.0862926244735718,
      1.0750914812088013,
      1.0678714513778687,
      1.0605049133300781,
      1.055607557296753,
      1.0490138530731201,
      1.0443326234817505,
      1.045005202293396,
      1.0520751476287842,
      1.037915587425232,
      1.0250003337860107,
      1.0156933069229126,
      1.0088419914245605,
      1.0016155242919922,
      0.9941313862800598,
      0.9851444363594055
    ],