{
  "config": {
    "run_name": "exp1_2_L4_K256",
    "out_dir": "./results",
    "seed": 423994280,
    "device": null,
    "bs_train": 128,
    "bs_test": 32,
    "batches": 150,
    "epochs": 70,
    "early_stopping": 5,
    "checkpoints": null,
    "lr": 0.001,
    "reg": 0.001,
    "filters_per_layer": [
      256
    ],
    "pool_every": 4,
    "hidden_dims": [
      1000
    ],
    "model_type": "cnn",
    "pooling_params": {
      "kernel_size": 2
    },
    "conv_params": {
      "kernel_size": 3,
      "stride": 1,
      "padding": 1
    },
    "activation_type": "lrelu",
    "activation_params": {
      "negative_slope": 0.05
    },
    "pooling_type": "max",
    "kw": {},
    "layers_per_block": 4
  },
  "results": {
    "num_epochs": 46,
    "train_loss": [
      2.2985854148864746,
      2.247161626815796,
      2.070816993713379,
      1.918931484222412,
      1.8266457319259644,
      1.7487553358078003,
      1.6867382526397705,
      1.6362148523330688,
      1.5956209897994995,
      1.5590107440948486,
      1.52561616897583,
      1.4927644729614258,
      1.4596551656723022,
      1.4274063110351562,
      1.3945635557174683,
      1.3619145154953003,
      1.3295705318450928,
      1.298073410987854,
      1.2658041715621948,
      1.2325055599212646,
      1.1982452869415283,
      1.1640841960906982,
      1.1282352209091187,
      1.088254451751709,
      1.046586275100708,
      1.0003459453582764,
      0.9514602422714233,
      0.900076687335968,
      0.843680739402771,
      0.7871292233467102,
      0.7253010272979736,
      0.6751434206962585,
      0.6354426741600037,
      0.6363930702209473,
      0.6262180209159851,
      0.5403879284858704,
      0.4977717995643616,
      0.45967453718185425,
      0.40868785977363586,
      0.36717426776885986,
      0.33491647243499756,
      0.3003346025943756,
      0.286503404378891,
      0.2622670829296112,
      0.20758043229579926,
      0.1547791212797165
    ],
    "train_acc": [
      10.286458969116211,
      15.09375,
      26.291667938232422,
      31.77083396911621,
      35.348960876464844,
      38.114585876464844,
      40.359375,
      42.19791793823242,
      43.68229293823242,
      45.0625,
      46.645835876464844,
      47.734375,
      48.96875,
      50.15625,
      51.270835876464844,
      52.35416793823242,
      53.38541793823242,
      54.54166793823242,
      55.609375,
      56.989585876464844,
      58.348960876464844,
      59.671875,
      60.984375,
      62.442710876464844,
      64.02083587646484,
      65.69271087646484,
      67.5,
      69.40625,
      71.47917175292969,
      73.5625,
      75.77604675292969,
      77.33333587646484,
      78.66667175292969,
      78.265625,
      78.328125,
      81.78125,
      83.0,
      84.30208587646484,
      86.4375,
      87.5625,
      88.61979675292969,
      90.15625,
      90.71354675292969,
      91.18229675292969,
      93.375,
      95.35417175292969
    ],
    "test_loss": [
      2.2905375957489014,
      2.153944730758667,
      1.9388104677200317,
      1.848387598991394,
      1.7669761180877686,
      1.6994539499282837,
      1.6447416543960571,
      1.6067768335342407,
      1.5767621994018555,
      1.5523496866226196,
      1.5321176052093506,
      1.5110981464385986,
      1.4864963293075562,
      1.4602464437484741,
      1.4363939762115479,
      1.4159598350524902,
      1.3963717222213745,
      1.3826024532318115,
      1.3713542222976685,
      1.3617510795593262,
      1.355916142463684,
      1.3526017665863037,
      1.3572453260421753,
      1.3631139993667603,
      1.365861415863037,
      1.3769279718399048,
      1.3760840892791748,
      1.402949333190918,
      1.4162023067474365,
      1.4370404481887817,
      1.481537103652954,
      1.508653163909912,
      1.5384330749511719,
      1.5853462219238281,
      1.5169583559036255,
      1.5655479431152344,
      1.5975136756896973,
      1.7734642028808594,
      1.7605271339416504,
      1.7293649911880493,
      1.821266531944275,
      1.8936986923217773,
      2.0071358680725098,
      1.9837284088134766,
      2.1669774055480957,
      2.392949342727661
    ],
    "test_acc": [
      9.916666666666666,
      19.354166666666668,
      30.583333333333332,
      33.875,
      37.416666666666664,
      39.9375,
      42.1875,
      42.9375,
      44.291666666666664,
      45.395833333333336,
      46.4375,
      47.520833333333336,
      48.145833333333336,
      49.166666666666664,
      50.0625,
      50.6875,
      51.1875,
      51.770833333333336,
      52.3125,
      52.354166666666664,
      52.583333333333336,
      52.770833333333336,
      52.9375,
      52.625,
      52.479166666666664,
      52.645833333333336,
      53.229166666666664,
      53.0625,
      53.583333333333336,
      53.75,
      53.166666666666664,
      53.291666666666664,
      52.958333333333336,
      51.145833333333336,
      54.270833333333336,
      54.333333333333336,
      54.520833333333336,
      53.125,
      53.583333333333336,
      54.895833333333336,
      54.5625,
      54.791666666666664,
      53.75,
      54.4375,
      54.416666666666664
    ]
  }
}