{
  "config": {
    "run_name": "exp1_1_L8_K64",
    "out_dir": "./results",
    "seed": 1684312151,
    "device": null,
    "bs_train": 128,
    "bs_test": 32,
    "batches": 150,
    "epochs": 70,
    "early_stopping": 5,
    "checkpoints": null,
    "lr": 0.001,
    "reg": 0.001,
    "filters_per_layer": [
      64
    ],
    "pool_every": 4,
    "hidden_dims": [
      1000
    ],
    "model_type": "cnn",
    "pooling_params": {
      "kernel_size": 2
    },
    "conv_params": {
      "kernel_size": 3,
      "stride": 1,
      "padding": 1
    },
    "activation_type": "lrelu",
    "activation_params": {
      "negative_slope": 0.05
    },
    "pooling_type": "max",
    "kw": {},
    "layers_per_block": 8
  },
  "results": {
    "num_epochs": 7,
    "train_loss": [
      2.302678108215332,
      2.3025963306427,
      2.3025453090667725,
      2.3025143146514893,
      2.3024938106536865,
      2.302480697631836,
      2.3024725914001465
    ],
    "train_acc": [
      9.791666984558105,
      9.963541984558105,
      10.0625,
      10.177083969116211,
      10.239583969116211,
      10.239583969116211,
      10.239583969116211
    ],
    "test_loss": [
      2.302546262741089,
      2.3025286197662354,
      2.3025248050689697,
      2.30252742767334,
      2.3025336265563965,
      2.302539825439453,
      2.302546501159668
    ],
    "test_acc": [
      10.25,
      9.8125,
      9.8125,
      9.895833333333334,
      9.895833333333334,
      9.895833333333334
    ]
  }
}