{
  "config": {
    "run_name": "exp1_1_L8_K64",
    "out_dir": "./results",
    "seed": 1304760001,
    "device": null,
    "bs_train": 128,
    "bs_test": 32,
    "batches": 150,
    "epochs": 70,
    "early_stopping": 5,
    "checkpoints": null,
    "lr": 0.001,
    "reg": 0.001,
    "filters_per_layer": [
      64
    ],
    "pool_every": 4,
    "hidden_dims": [
      100,
      100
    ],
    "model_type": "cnn",
    "pooling_params": {
      "kernel_size": 2
    },
    "conv_params": {
      "kernel_size": 3,
      "stride": 1,
      "padding": 1
    },
    "activation_type": "lrelu",
    "activation_params": {
      "negative_slope": 0.05
    },
    "pooling_type": "max",
    "kw": {},
    "layers_per_block": 8
  },
  "results": {
    "num_epochs": 8,
    "train_loss": [
      2.304189920425415,
      2.30361270904541,
      2.303232192993164,
      2.3029792308807373,
      2.302809715270996,
      2.302696466445923,
      2.302619218826294,
      2.302567720413208
    ],
    "train_acc": [
      9.791666984558105,
      9.791666984558105,
      10.036458969116211,
      10.098958969116211,
      10.098958969116211,
      10.098958969116211,
      10.098958969116211,
      9.958333969116211
    ],
    "test_loss": [
      2.3037025928497314,
      2.3032915592193604,
      2.303027391433716,
      2.3028571605682373,
      2.302747964859009,
      2.302678346633911,
      2.3026351928710938,
      2.3026082515716553
    ],
    "test_acc": [
      10.25,
      10.25,
      9.833333333333334,
      9.833333333333334,
      9.833333333333334,
      9.833333333333334,
      9.833333333333334
    ]
  }
}