{
  "config": {
    "run_name": "exp1_1_L2_K64",
    "out_dir": "./results",
    "seed": 1225756168,
    "device": null,
    "bs_train": 128,
    "bs_test": 32,
    "batches": 150,
    "epochs": 70,
    "early_stopping": 5,
    "checkpoints": null,
    "lr": 0.001,
    "reg": 0.001,
    "filters_per_layer": [
      64
    ],
    "pool_every": 4,
    "hidden_dims": [
      1000
    ],
    "model_type": "cnn",
    "pooling_params": {
      "kernel_size": 2
    },
    "conv_params": {
      "kernel_size": 3,
      "stride": 1,
      "padding": 1
    },
    "activation_type": "lrelu",
    "activation_params": {
      "negative_slope": 0.05
    },
    "pooling_type": "max",
    "kw": {},
    "layers_per_block": 2
  },
  "results": {
    "num_epochs": 38,
    "train_loss": [
      2.206526279449463,
      1.9855177402496338,
      1.866919755935669,
      1.7927395105361938,
      1.722612738609314,
      1.659299373626709,
      1.6054718494415283,
      1.5608946084976196,
      1.5235822200775146,
      1.4917830228805542,
      1.4634244441986084,
      1.4361748695373535,
      1.40990149974823,
      1.3841285705566406,
      1.3587850332260132,
      1.3330937623977661,
      1.307245135307312,
      1.2805805206298828,
      1.2541357278823853,
      1.2264256477355957,
      1.1983287334442139,
      1.1695533990859985,
      1.1412540674209595,
      1.1114712953567505,
      1.0820815563201904,
      1.0521551370620728,
      1.0206691026687622,
      0.9890397191047668,
      0.9557142853736877,
      0.9216006398200989,
      0.8858399391174316,
      0.8501686453819275,
      0.8134822845458984,
      0.775510311126709,
      0.7375129461288452,
      0.6994993686676025,
      0.6608614325523376,
      0.6222570538520813
    ],
    "train_acc": [
      18.619792938232422,
      29.807292938232422,
      34.30729293823242,
      37.03125,
      39.755210876464844,
      41.80729293823242,
      43.43229293823242,
      45.239585876464844,
      46.520835876464844,
      47.57291793823242,
      48.609375,
      49.614585876464844,
      50.578125,
      51.40625,
      52.36979293823242,
      53.55729293823242,
      54.44791793823242,
      55.5,
      56.442710876464844,
      57.54166793823242,
      58.536460876464844,
      59.32291793823242,
      60.15104293823242,
      61.234375,
      62.348960876464844,
      63.390625,
      64.47917175292969,
      65.94271087646484,
      67.140625,
      68.48958587646484,
      69.859375,
      71.33854675292969,
      72.90104675292969,
      74.546875,
      76.0,
      77.51042175292969,
      79.14583587646484,
      80.671875
    ],
    "test_loss": [
      2.0834596157073975,
      1.8909000158309937,
      1.816609501838684,
      1.7439730167388916,
      1.6780180931091309,
      1.6244275569915771,
      1.5829110145568848,
      1.5488659143447876,
      1.5232914686203003,
      1.5042858123779297,
      1.4895621538162231,
      1.4745498895645142,
      1.4584354162216187,
      1.4424617290496826,
      1.4267109632492065,
      1.410910725593567,
      1.3946919441223145,
      1.3819262981414795,
      1.3685625791549683,
      1.3574107885360718,
      1.345521092414856,
      1.3345569372177124,
      1.3260118961334229,
      1.317878007888794,
      1.3133835792541504,
      1.3081713914871216,
      1.3069654703140259,
      1.3053661584854126,
      1.3049803972244263,
      1.3088963031768799,
      1.312421441078186,
      1.318373680114746,
      1.327607274055481,
      1.337817668914795,
      1.3470914363861084,
      1.3593295812606812,
      1.3800019025802612,
      1.3935134410858154
    ],
    "test_acc": [
      22.9375,
      33.083333333333336,
      36.604166666666664,
      39.8125,
      41.541666666666664,
      43.229166666666664,
      44.375,
      44.958333333333336,
      46.104166666666664,
      46.770833333333336,
      47.541666666666664,
      48.145833333333336,
      48.9375,
      49.645833333333336,
      50.354166666666664,
      51.25,
      51.708333333333336,
      52.3125,
      53.166666666666664,
      53.416666666666664,
      53.604166666666664,
      53.979166666666664,
      54.395833333333336,
      54.770833333333336,
      54.9375,
      55.125,
      55.041666666666664,
      55.25,
      55.5625,
      55.666666666666664,
      56.083333333333336,
      56.270833333333336,
      55.979166666666664,
      55.916666666666664,
      56.020833333333336,
      55.729166666666664,
      55.6875
    ]
  }
}