{
  "config": {
    "run_name": "exp1_1_L16_K32",
    "out_dir": "./results",
    "seed": 1844656349,
    "device": null,
    "bs_train": 128,
    "bs_test": 32,
    "batches": 150,
    "epochs": 70,
    "early_stopping": 5,
    "checkpoints": null,
    "lr": 0.001,
    "reg": 0.001,
    "filters_per_layer": [
      32
    ],
    "pool_every": 4,
    "hidden_dims": [
      1000
    ],
    "model_type": "cnn",
    "pooling_params": {
      "kernel_size": 2
    },
    "conv_params": {
      "kernel_size": 3,
      "stride": 1,
      "padding": 1
    },
    "activation_type": "lrelu",
    "activation_params": {
      "negative_slope": 0.05
    },
    "pooling_type": "max",
    "kw": {},
    "layers_per_block": 16
  },
  "results": {
    "num_epochs": 70,
    "train_loss": [
      2.3029303550720215,
      2.3026838302612305,
      2.3025763034820557,
      2.302530288696289,
      2.302508592605591,
      2.302499294281006,
      2.302495002746582,
      2.302492380142212,
      2.3024914264678955,
      2.3024914264678955,
      2.302490711212158,
      2.3024909496307373,
      2.302489995956421,
      2.302489757537842,
      2.3024895191192627,
      2.3024895191192627,
      2.3024895191192627,
      2.3024895191192627,
      2.3024895191192627,
      2.3024892807006836,
      2.3024890422821045,
      2.3024888038635254,
      2.3024885654449463,
      2.302488327026367,
      2.302488327026367,
      2.302488327026367,
      2.302488088607788,
      2.302488088607788,
      2.302487850189209,
      2.30248761177063,
      2.30248761177063,
      2.302487373352051,
      2.3024871349334717,
      2.3024868965148926,
      2.3024868965148926,
      2.3024866580963135,
      2.3024866580963135,
      2.3024866580963135,
      2.302485942840576,
      2.302485942840576,
      2.302485942840576,
      2.302485942840576,
      2.302485466003418,
      2.302485466003418,
      2.302485466003418,
      2.3024849891662598,
      2.3024849891662598,
      2.3024849891662598,
      2.3024849891662598,
      2.3024847507476807,
      2.3024847507476807,
      2.3024847507476807,
      2.3024847507476807,
      2.3024842739105225,
      2.3024842739105225,
      2.3024840354919434,
      2.3024840354919434,
      2.3024840354919434,
      2.3024840354919434,
      2.3024840354919434,
      2.3024837970733643,
      2.302483320236206,
      2.302483558654785,
      2.302483320236206,
      2.302483320236206,
      2.302483081817627,
      2.302483081817627,
      2.302482843399048,
      2.302482843399048,
      2.302482843399048
    ],
    "train_acc": [
      10.09375,
      10.239583969116211,
      10.239583969116211,
      10.239583969116211,
      10.239583969116211,
      10.239583969116211,
      10.239583969116211,
      10.239583969116211,
      10.239583969116211,
      10.239583969116211,
      10.239583969116211,
      10.239583969116211,
      10.239583969116211,
      10.239583969116211,
      10.239583969116211,
      10.239583969116211,
      10.239583969116211,
      10.239583969116211,
      10.239583969116211,
      10.239583969116211,
      10.239583969116211,
      10.239583969116211,
      10.239583969116211,
      10.239583969116211,
      10.239583969116211,
      10.239583969116211,
      10.239583969116211,
      10.239583969116211,
      10.239583969116211,
      10.239583969116211,
      10.239583969116211,
      10.239583969116211,
      10.239583969116211,
      10.239583969116211,
      10.239583969116211,
      10.239583969116211,
      10.239583969116211,
      10.239583969116211,
      10.239583969116211,
      10.239583969116211,
      10.239583969116211,
      10.239583969116211,
      10.239583969116211,
      10.239583969116211,
      10.239583969116211,
      10.239583969116211,
      10.239583969116211,
      10.239583969116211,
      10.239583969116211,
      10.239583969116211,
      10.239583969116211,
      10.239583969116211,
      10.239583969116211,
      10.239583969116211,
      10.239583969116211,
      10.239583969116211,
      10.239583969116211,
      10.239583969116211,
      10.239583969116211,
      10.239583969116211,
      10.239583969116211,
      10.239583969116211,
      10.239583969116211,
      10.239583969116211,
      10.239583969116211,
      10.239583969116211,
      10.239583969116211,
      10.239583969116211,
      10.239583969116211,
      10.239583969116211
    ],
    "test_loss": [
      2.302643299102783,
      2.302563190460205,
      2.302546501159668,
      2.3025505542755127,
      2.3025600910186768,
      2.302569627761841,
      2.302577018737793,
      2.3025825023651123,
      2.302586555480957,
      2.3025898933410645,
      2.3025922775268555,
      2.3025927543640137,
      2.30259370803833,
      2.302593946456909,
      2.3025944232940674,
      2.3025946617126465,
      2.3025946617126465,
      2.302595376968384,
      2.302595376968384,
      2.302596092224121,
      2.302595615386963,
      2.302595853805542,
      2.3025963306427,
      2.3025963306427,
      2.3025965690612793,
      2.302596092224121,
      2.302596092224121,
      2.3025963306427,
      2.302596092224121,
      2.302595853805542,
      2.302595853805542,
      2.302595376968384,
      2.302595853805542,
      2.302596092224121,
      2.302595853805542,
      2.302595615386963,
      2.302595853805542,
      2.3025963306427,
      2.302595615386963,
      2.302595615386963,
      2.302595376968384,
      2.302595853805542,
      2.302595615386963,
      2.302595615386963,
      2.302595376968384,
      2.302595615386963,
      2.302596092224121,
      2.302595615386963,
      2.302595853805542,
      2.302595615386963,
      2.302595615386963,
      2.302595853805542,
      2.302595615386963,
      2.3025951385498047,
      2.302595376968384,
      2.302595376968384,
      2.302595853805542,
      2.302595615386963,
      2.302595376968384,
      2.302595376968384,
      2.3025951385498047,
      2.3025951385498047,
      2.3025951385498047,
      2.3025951385498047,
      2.3025951385498047,
      2.3025951385498047,
      2.3025951385498047,
      2.3025951385498047,
      2.3025951385498047,
      2.3025949001312256
    ],
    "test_acc": [
      9.895833333333334,
      9.895833333333334,
      9.895833333333334,
      9.895833333333334,
      9.895833333333334,
      9.895833333333334,
      9.895833333333334,
      9.895833333333334,
      9.895833333333334,
      9.895833333333334,
      9.895833333333334,
      9.895833333333334,
      9.895833333333334,
      9.895833333333334,
      9.895833333333334,
      9.895833333333334,
      9.895833333333334,
      9.895833333333334,
      9.895833333333334,
      9.895833333333334,
      9.895833333333334,
      9.895833333333334,
      9.895833333333334,
      9.895833333333334,
      9.895833333333334,
      9.895833333333334,
      9.895833333333334,
      9.895833333333334,
      9.895833333333334,
      9.895833333333334,
      9.895833333333334,
      9.895833333333334,
      9.895833333333334,
      9.895833333333334,
      9.895833333333334,
      9.895833333333334,
      9.895833333333334,
      9.895833333333334,
      9.895833333333334,
      9.895833333333334,
      9.895833333333334,
      9.895833333333334,
      9.895833333333334,
      9.895833333333334,
      9.895833333333334,
      9.895833333333334,
      9.895833333333334,
      9.895833333333334,
      9.895833333333334,
      9.895833333333334,
      9.895833333333334,
      9.895833333333334,
      9.895833333333334,
      9.895833333333334,
      9.895833333333334,
      9.895833333333334,
      9.895833333333334,
      9.895833333333334,
      9.895833333333334,
      9.895833333333334,
      9.895833333333334,
      9.895833333333334,
      9.895833333333334,
      9.895833333333334,
      9.895833333333334,
      9.895833333333334,
      9.895833333333334,
      9.895833333333334,
      9.895833333333334,
      9.895833333333334
    ]
  }
}