{
  "config": {
    "run_name": "exp1_3_L1_K64-128-256",
    "out_dir": "./results",
    "seed": 204032432,
    "device": null,
    "bs_train": 128,
    "bs_test": 32,
    "batches": 150,
    "epochs": 70,
    "early_stopping": 5,
    "checkpoints": null,
    "lr": 0.001,
    "reg": 0.001,
    "filters_per_layer": [
      64,
      128,
      256
    ],
    "pool_every": 4,
    "hidden_dims": [
      1000
    ],
    "model_type": "cnn",
    "pooling_params": {
      "kernel_size": 2
    },
    "conv_params": {
      "kernel_size": 3,
      "stride": 1,
      "padding": 1
    },
    "activation_type": "lrelu",
    "activation_params": {
      "negative_slope": 0.05
    },
    "pooling_type": "max",
    "kw": {},
    "layers_per_block": 1
  },
  "results": {
    "num_epochs": 29,
    "train_loss": [
      2.23012638092041,
      1.9612951278686523,
      1.8380391597747803,
      1.751525640487671,
      1.6780426502227783,
      1.6137832403182983,
      1.5596907138824463,
      1.5118881464004517,
      1.4686594009399414,
      1.428187370300293,
      1.3904985189437866,
      1.3542157411575317,
      1.3198134899139404,
      1.2856329679489136,
      1.2524511814117432,
      1.2188811302185059,
      1.184899926185608,
      1.1498249769210815,
      1.1129183769226074,
      1.0735965967178345,
      1.0319823026657104,
      0.9861139059066772,
      0.938052773475647,
      0.8860915303230286,
      0.8316606879234314,
      0.775347888469696,
      0.7144789695739746,
      0.6548020243644714,
      0.6024794578552246
    ],
    "train_acc": [
      17.81770896911621,
      30.17708396911621,
      35.348960876464844,
      38.223960876464844,
      40.942710876464844,
      43.130210876464844,
      44.86979293823242,
      46.51041793823242,
      47.927085876464844,
      49.453125,
      51.11979293823242,
      52.484375,
      53.96875,
      55.239585876464844,
      56.57291793823242,
      57.723960876464844,
      58.76041793823242,
      60.08854293823242,
      61.442710876464844,
      62.69791793823242,
      64.390625,
      66.15625,
      67.93229675292969,
      70.08854675292969,
      72.02083587646484,
      74.30208587646484,
      76.625,
      78.96354675292969,
      80.91146087646484
    ],
    "test_loss": [
      2.084237575531006,
      1.865241527557373,
      1.7771062850952148,
      1.7008136510849,
      1.6396564245224,
      1.5873173475265503,
      1.5441350936889648,
      1.512485146522522,
      1.4832203388214111,
      1.4570847749710083,
      1.4335864782333374,
      1.4084384441375732,
      1.3885051012039185,
      1.3722243309020996,
      1.3537178039550781,
      1.3383458852767944,
      1.3199574947357178,
      1.3088351488113403,
      1.2984871864318848,
      1.289954423904419,
      1.284408450126648,
      1.28327476978302,
      1.2851409912109375,
      1.2941242456436157,
      1.3091806173324585,
      1.3322609663009644,
      1.3708083629608154,
      1.4155586957931519,
      1.4598236083984375
    ],
    "test_acc": [
      21.979166666666668,
      34.0,
      36.8125,
      40.0,
      41.479166666666664,
      43.375,
      44.854166666666664,
      46.5625,
      47.583333333333336,
      48.791666666666664,
      49.916666666666664,
      50.666666666666664,
      51.604166666666664,
      52.3125,
      52.854166666666664,
      53.666666666666664,
      54.291666666666664,
      54.583333333333336,
      55.4375,
      55.479166666666664,
      56.041666666666664,
      56.291666666666664,
      56.3125,
      56.166666666666664,
      55.916666666666664,
      55.8125,
      55.583333333333336,
      55.541666666666664
    ]
  }
}