{
  "config": {
    "run_name": "exp1_2_L8_K64",
    "out_dir": "./results",
    "seed": 1281579688,
    "device": null,
    "bs_train": 128,
    "bs_test": 32,
    "batches": 150,
    "epochs": 70,
    "early_stopping": 5,
    "checkpoints": null,
    "lr": 0.001,
    "reg": 0.001,
    "filters_per_layer": [
      64
    ],
    "pool_every": 4,
    "hidden_dims": [
      100,
      100
    ],
    "model_type": "cnn",
    "pooling_params": {
      "kernel_size": 2
    },
    "conv_params": {
      "kernel_size": 3,
      "stride": 1,
      "padding": 1
    },
    "activation_type": "lrelu",
    "activation_params": {
      "negative_slope": 0.05
    },
    "pooling_type": "max",
    "kw": {},
    "layers_per_block": 8
  },
  "results": {
    "num_epochs": 24,
    "train_loss": [
      2.3040850162506104,
      2.3035480976104736,
      2.303187608718872,
      2.3029487133026123,
      2.302788019180298,
      2.3026797771453857,
      2.3026061058044434,
      2.3025574684143066,
      2.3025248050689697,
      2.302502155303955,
      2.3024866580963135,
      2.302476406097412,
      2.302469253540039,
      2.302464485168457,
      2.3024609088897705,
      2.3024580478668213,
      2.302457571029663,
      2.3024559020996094,
      2.302455425262451,
      2.302454710006714,
      2.3024542331695557,
      2.3024542331695557,
      2.3024542331695557,
      2.3024539947509766
    ],
    "train_acc": [
      10.036458969116211,
      10.036458969116211,
      10.036458969116211,
      10.036458969116211,
      10.036458969116211,
      10.036458969116211,
      9.890625,
      9.953125,
      10.192708969116211,
      10.192708969116211,
      10.192708969116211,
      10.192708969116211,
      10.192708969116211,
      10.192708969116211,
      10.192708969116211,
      10.09375,
      9.947916984558105,
      9.984375,
      10.244791984558105,
      10.239583969116211,
      10.239583969116211,
      10.239583969116211,
      10.239583969116211,
      10.239583969116211
    ],
    "test_loss": [
      2.303236246109009,
      2.302921772003174,
      2.3027310371398926,
      2.3026185035705566,
      2.30255389213562,
      2.3025214672088623,
      2.302507162094116,
      2.3025033473968506,
      2.3025076389312744,
      2.3025145530700684,
      2.3025224208831787,
      2.302530527114868,
      2.3025386333465576,
      2.302546262741089,
      2.3025529384613037,
      2.302558422088623,
      2.3025641441345215,
      2.3025684356689453,
      2.302572011947632,
      2.30257511138916,
      2.3025777339935303,
      2.302579879760742,
      2.3025810718536377,
      2.3025834560394287
    ],
    "test_acc": [
      10.291666666666666,
      10.291666666666666,
      10.291666666666666,
      10.291666666666666,
      10.291666666666666,
      10.291666666666666,
      10.375,
      10.375,
      10.375,
      10.375,
      10.375,
      10.375,
      10.375,
      10.375,
      10.375,
      10.375,
      10.375,
      10.833333333333334,
      9.895833333333334,
      9.895833333333334,
      9.895833333333334,
      9.895833333333334,
      9.895833333333334
    ]
  }
}