{
  "config": {
    "run_name": "exp1_2_L2_K256",
    "out_dir": "./results",
    "seed": 450786411,
    "device": null,
    "bs_train": 128,
    "bs_test": 32,
    "batches": 150,
    "epochs": 70,
    "early_stopping": 5,
    "checkpoints": null,
    "lr": 0.001,
    "reg": 0.001,
    "filters_per_layer": [
      256
    ],
    "pool_every": 4,
    "hidden_dims": [
      1000
    ],
    "model_type": "cnn",
    "pooling_params": {
      "kernel_size": 2
    },
    "conv_params": {
      "kernel_size": 3,
      "stride": 1,
      "padding": 1
    },
    "activation_type": "lrelu",
    "activation_params": {
      "negative_slope": 0.05
    },
    "pooling_type": "max",
    "kw": {},
    "layers_per_block": 2
  },
  "results": {
    "num_epochs": 39,
    "train_loss": [
      2.105870246887207,
      1.86273193359375,
      1.7584954500198364,
      1.6838992834091187,
      1.6248658895492554,
      1.571616291999817,
      1.5227344036102295,
      1.476775884628296,
      1.4328582286834717,
      1.391129493713379,
      1.3520593643188477,
      1.3143813610076904,
      1.2784258127212524,
      1.2434568405151367,
      1.2091504335403442,
      1.1740350723266602,
      1.1384905576705933,
      1.1031100749969482,
      1.067341685295105,
      1.0322233438491821,
      0.9967540502548218,
      0.9611690044403076,
      0.9257895946502686,
      0.8911666870117188,
      0.855242908000946,
      0.8164964914321899,
      0.7769885659217834,
      0.737132728099823,
      0.6970093846321106,
      0.6565660834312439,
      0.6170229315757751,
      0.5760424733161926,
      0.5335192084312439,
      0.48910292983055115,
      0.44522374868392944,
      0.40562674403190613,
      0.3722133934497833,
      0.34435731172561646,
      0.32647618651390076
    ],
    "train_acc": [
      23.75,
      33.97916793823242,
      38.333335876464844,
      40.99479293823242,
      43.098960876464844,
      44.880210876464844,
      46.598960876464844,
      47.96354293823242,
      49.51041793823242,
      50.99479293823242,
      52.53125,
      54.052085876464844,
      55.40104293823242,
      56.65625,
      58.052085876464844,
      59.395835876464844,
      60.59375,
      61.864585876464844,
      63.177085876464844,
      64.47396087646484,
      65.97396087646484,
      67.265625,
      68.64583587646484,
      70.1875,
      71.296875,
      72.765625,
      74.453125,
      76.13021087646484,
      77.578125,
      79.15625,
      80.65104675292969,
      82.484375,
      84.18229675292969,
      85.76042175292969,
      87.36458587646484,
      88.96875,
      90.09375,
      90.79167175292969,
      91.27083587646484
    ],
    "test_loss": [
      1.9104152917861938,
      1.786638617515564,
      1.702541470527649,
      1.6474075317382812,
      1.5986844301223755,
      1.558764934539795,
      1.5231400728225708,
      1.4909870624542236,
      1.4607601165771484,
      1.4306732416152954,
      1.4000316858291626,
      1.3722642660140991,
      1.348702311515808,
      1.3284865617752075,
      1.3103384971618652,
      1.2924232482910156,
      1.277777075767517,
      1.2652720212936401,
      1.2553510665893555,
      1.2457618713378906,
      1.240468978881836,
      1.2356265783309937,
      1.2305288314819336,
      1.2271910905838013,
      1.228224277496338,
      1.2365927696228027,
      1.2481063604354858,
      1.2607442140579224,
      1.2721351385116577,
      1.2789249420166016,
      1.285456657409668,
      1.2959202527999878,
      1.3212281465530396,
      1.36227548122406,
      1.4070093631744385,
      1.4256458282470703,
      1.4153164625167847,
      1.412046194076538,
      1.454064130783081
    ],
    "test_acc": [
      31.8125,
      36.6875,
      39.75,
      41.833333333333336,
      43.0,
      44.270833333333336,
      45.395833333333336,
      46.75,
      48.25,
      49.458333333333336,
      50.5625,
      51.604166666666664,
      52.229166666666664,
      53.041666666666664,
      53.729166666666664,
      54.375,
      54.791666666666664,
      55.4375,
      56.0625,
      56.145833333333336,
      56.583333333333336,
      56.9375,
      57.083333333333336,
      57.416666666666664,
      57.666666666666664,
      57.541666666666664,
      57.604166666666664,
      57.541666666666664,
      57.5625,
      57.729166666666664,
      58.104166666666664,
      58.416666666666664,
      58.458333333333336,
      57.9375,
      57.229166666666664,
      57.333333333333336,
      58.0,
      58.416666666666664
    ]
  }
}