{
  "config": {
    "run_name": "exp1_4_L2_K64-128-256",
    "out_dir": "./results",
    "seed": 306452687,
    "device": null,
    "bs_train": 128,
    "bs_test": 32,
    "batches": 150,
    "epochs": 200,
    "early_stopping": 5,
    "checkpoints": null,
    "lr": 0.001,
    "reg": 0.001,
    "filters_per_layer": [
      64,
      128,
      256
    ],
    "pool_every": 8,
    "hidden_dims": [
      1000
    ],
    "model_type": "resnet",
    "pooling_params": {
      "kernel_size": 2
    },
    "conv_params": {
      "kernel_size": 3,
      "stride": 1,
      "padding": 1
    },
    "activation_type": "lrelu",
    "activation_params": {
      "negative_slope": 0.05
    },
    "pooling_type": "max",
    "kw": {},
    "layers_per_block": 2
  },
  "results": {
    "num_epochs": 48,
    "train_loss": [
      2.015613317489624,
      1.8439092636108398,
      1.771514892578125,
      1.7149364948272705,
      1.6691067218780518,
      1.6288310289382935,
      1.5926610231399536,
      1.560298204421997,
      1.5308489799499512,
      1.5038379430770874,
      1.4793351888656616,
      1.4560271501541138,
      1.4341977834701538,
      1.4123114347457886,
      1.391435980796814,
      1.3705154657363892,
      1.3502413034439087,
      1.330504298210144,
      1.3105111122131348,
      1.2912704944610596,
      1.271849274635315,
      1.251828670501709,
      1.2318564653396606,
      1.2116676568984985,
      1.1909297704696655,
      1.1692824363708496,
      1.1475119590759277,
      1.1256428956985474,
      1.1034765243530273,
      1.0811671018600464,
      1.0584832429885864,
      1.0366641283035278,
      1.0140334367752075,
      0.9908022880554199,
      0.9670617580413818,
      0.9425672292709351,
      0.9176300168037415,
      0.890511691570282,
      0.8627241849899292,
      0.8325232267379761,
      0.7999756336212158,
      0.7653202414512634,
      0.7284544110298157,
      0.6886146664619446,
      0.6499706506729126,
      0.6133871078491211,
      0.6125912070274353,
      0.6419340968132019
    ],
    "train_acc": [
      27.578125,
      34.77604293823242,
      37.51041793823242,
      39.755210876464844,
      41.546875,
      42.921875,
      44.296875,
      45.33854293823242,
      46.255210876464844,
      47.27604293823242,
      48.145835876464844,
      49.130210876464844,
      49.83854293823242,
      50.66666793823242,
      51.395835876464844,
      52.21354293823242,
      52.88541793823242,
      53.645835876464844,
      54.661460876464844,
      55.36979293823242,
      56.01041793823242,
      56.77604293823242,
      57.40104293823242,
      58.130210876464844,
      58.942710876464844,
      59.765625,
      60.54166793823242,
      61.3125,
      61.942710876464844,
      62.68229293823242,
      63.36979293823242,
      64.18229675292969,
      64.90625,
      65.8125,
      66.75,
      67.71875,
      68.671875,
      69.58333587646484,
      70.76042175292969,
      71.83854675292969,
      72.97396087646484,
      74.33854675292969,
      75.765625,
      77.13542175292969,
      78.72396087646484,
      80.22396087646484,
      79.90625,
      78.01042175292969
    ],
    "test_loss": [
      1.8843554258346558,
      1.8024101257324219,
      1.7379043102264404,
      1.6977540254592896,
      1.6655464172363281,
      1.6368707418441772,
      1.6112432479858398,
      1.5862056016921997,
      1.5650640726089478,
      1.5455583333969116,
      1.5301604270935059,
      1.516239881515503,
      1.5035487413406372,
      1.4899673461914062,
      1.4779387712478638,
      1.4672987461090088,
      1.4573040008544922,
      1.4488292932510376,
      1.441259503364563,
      1.4321174621582031,
      1.4222460985183716,
      1.4132046699523926,
      1.4017670154571533,
      1.391162633895874,
      1.3786609172821045,
      1.3662129640579224,
      1.3553588390350342,
      1.3449121713638306,
      1.33718740940094,
      1.3303717374801636,
      1.327549695968628,
      1.3253681659698486,
      1.3237431049346924,
      1.3254510164260864,
      1.324701189994812,
      1.3274281024932861,
      1.3315128087997437,
      1.331122636795044,
      1.3366515636444092,
      1.3411616086959839,
      1.3512166738510132,
      1.3625929355621338,
      1.3901551961898804,
      1.4233067035675049,
      1.4689804315567017,
      1.5085514783859253,
      1.509442687034607,
      1.5461702346801758
    ],
    "test_acc": [
      33.479166666666664,
      37.291666666666664,
      39.208333333333336,
      40.4375,
      41.166666666666664,
      42.104166666666664,
      42.854166666666664,
      44.270833333333336,
      45.0625,
      45.541666666666664,
      46.041666666666664,
      46.395833333333336,
      46.854166666666664,
      47.458333333333336,
      47.916666666666664,
      48.291666666666664,
      48.895833333333336,
      49.333333333333336,
      49.5625,
      49.770833333333336,
      50.125,
      50.729166666666664,
      51.375,
      51.645833333333336,
      52.166666666666664,
      52.833333333333336,
      53.4375,
      53.770833333333336,
      54.041666666666664,
      54.479166666666664,
      54.625,
      54.708333333333336,
      54.604166666666664,
      54.5625,
      54.583333333333336,
      55.1875,
      55.083333333333336,
      55.125,
      55.208333333333336,
      55.4375,
      55.270833333333336,
      55.666666666666664,
      55.229166666666664,
      55.270833333333336,
      55.270833333333336,
      55.041666666666664,
      54.916666666666664
    ]
  }
}