{
  "config": {
    "run_name": "exp1_1_L2_K64",
    "out_dir": "./results",
    "seed": 1028277066,
    "device": null,
    "bs_train": 128,
    "bs_test": 32,
    "batches": 150,
    "epochs": 70,
    "early_stopping": 5,
    "checkpoints": null,
    "lr": 0.001,
    "reg": 0.001,
    "filters_per_layer": [
      64
    ],
    "pool_every": 4,
    "hidden_dims": [
      100,
      100
    ],
    "model_type": "cnn",
    "pooling_params": {
      "kernel_size": 2
    },
    "conv_params": {
      "kernel_size": 3,
      "stride": 1,
      "padding": 1
    },
    "activation_type": "lrelu",
    "activation_params": {
      "negative_slope": 0.05
    },
    "pooling_type": "max",
    "kw": {},
    "layers_per_block": 2
  },
  "results": {
    "num_epochs": 60,
    "train_loss": [
      2.280164957046509,
      2.1076488494873047,
      1.9420511722564697,
      1.8743996620178223,
      1.8230386972427368,
      1.774362564086914,
      1.7310551404953003,
      1.6899105310440063,
      1.6535007953643799,
      1.6222988367080688,
      1.5938166379928589,
      1.5673781633377075,
      1.5428763628005981,
      1.5203427076339722,
      1.4988371133804321,
      1.4794034957885742,
      1.459883213043213,
      1.4408886432647705,
      1.4215599298477173,
      1.4022799730300903,
      1.3835856914520264,
      1.365199327468872,
      1.3474801778793335,
      1.3303861618041992,
      1.313537836074829,
      1.2971084117889404,
      1.280036211013794,
      1.263745903968811,
      1.2480310201644897,
      1.2314486503601074,
      1.2152084112167358,
      1.1984273195266724,
      1.1803758144378662,
      1.1629788875579834,
      1.1452841758728027,
      1.1279326677322388,
      1.1099498271942139,
      1.0919607877731323,
      1.0736608505249023,
      1.055238127708435,
      1.0360980033874512,
      1.0157647132873535,
      0.9949824213981628,
      0.9743230938911438,
      0.9531326293945312,
      0.9310030937194824,
      0.9082309007644653,
      0.883510947227478,
      0.8598589897155762,
      0.8370434641838074,
      0.8131943345069885,
      0.7888027429580688,
      0.7642059326171875,
      0.7400302886962891,
      0.7155212759971619,
      0.6927258372306824,
      0.6718363761901855,
      0.6531782150268555,
      0.6368982195854187,
      0.6186959147453308
    ],
    "train_acc": [
      14.088541984558105,
      24.72395896911621,
      30.14583396911621,
      33.270835876464844,
      35.19791793823242,
      36.921875,
      38.53125,
      40.036460876464844,
      41.223960876464844,
      42.177085876464844,
      43.10416793823242,
      44.18229293823242,
      45.098960876464844,
      45.80729293823242,
      46.44791793823242,
      47.15625,
      47.91666793823242,
      48.583335876464844,
      49.26041793823242,
      49.86979293823242,
      50.66666793823242,
      51.29166793823242,
      51.8125,
      52.57291793823242,
      53.421875,
      54.036460876464844,
      54.578125,
      55.21875,
      55.80729293823242,
      56.302085876464844,
      57.083335876464844,
      57.55729293823242,
      58.270835876464844,
      58.921875,
      59.583335876464844,
      60.270835876464844,
      60.99479293823242,
      61.614585876464844,
      62.34375,
      63.13541793823242,
      63.661460876464844,
      64.60417175292969,
      65.515625,
      66.359375,
      67.08854675292969,
      67.88021087646484,
      68.70833587646484,
      69.65625,
      70.47396087646484,
      71.39583587646484,
      72.359375,
      73.375,
      74.20833587646484,
      74.98958587646484,
      75.95833587646484,
      76.734375,
      77.59375,
      78.421875,
      78.59896087646484,
      79.296875
    ],
    "test_loss": [
      2.2304270267486572,
      1.9904565811157227,
      1.89238703250885,
      1.8391447067260742,
      1.7885955572128296,
      1.7422831058502197,
      1.7116848230361938,
      1.681421160697937,
      1.6419174671173096,
      1.6117749214172363,
      1.5864695310592651,
      1.5707263946533203,
      1.5528380870819092,
      1.539541482925415,
      1.5304608345031738,
      1.5245587825775146,
      1.5063401460647583,
      1.5009106397628784,
      1.486810326576233,
      1.4691048860549927,
      1.4601374864578247,
      1.4423993825912476,
      1.4299941062927246,
      1.4174282550811768,
      1.4030708074569702,
      1.3887028694152832,
      1.3739856481552124,
      1.363109827041626,
      1.3494644165039062,
      1.3431742191314697,
      1.3389512300491333,
      1.3332072496414185,
      1.3296782970428467,
      1.3225975036621094,
      1.3212393522262573,
      1.3188308477401733,
      1.3135871887207031,
      1.3098286390304565,
      1.3037868738174438,
      1.3005383014678955,
      1.2931640148162842,
      1.2890421152114868,
      1.2857908010482788,
      1.2852544784545898,
      1.2843834161758423,
      1.2838950157165527,
      1.2844491004943848,
      1.285727858543396,
      1.2863128185272217,
      1.2903071641921997,
      1.2953130006790161,
      1.3003641366958618,
      1.3088936805725098,
      1.317003607749939,
      1.3273403644561768,
      1.3384298086166382,
      1.3521873950958252,
      1.3674486875534058,
      1.402514100074768,
      1.4031296968460083
    ],
    "test_acc": [
      21.145833333333332,
      26.9375,
      32.020833333333336,
      34.166666666666664,
      36.270833333333336,
      37.833333333333336,
      39.458333333333336,
      40.395833333333336,
      41.75,
      42.604166666666664,
      43.729166666666664,
      44.354166666666664,
      44.770833333333336,
      45.3125,
      45.270833333333336,
      45.416666666666664,
      45.604166666666664,
      45.9375,
      46.375,
      47.3125,
      47.875,
      48.604166666666664,
      49.3125,
      49.729166666666664,
      50.479166666666664,
      50.979166666666664,
      51.645833333333336,
      51.75,
      52.145833333333336,
      52.458333333333336,
      52.854166666666664,
      53.395833333333336,
      53.645833333333336,
      54.0625,
      53.979166666666664,
      54.291666666666664,
      54.375,
      54.520833333333336,
      54.5625,
      54.875,
      55.166666666666664,
      55.083333333333336,
      55.458333333333336,
      55.5,
      55.729166666666664,
      56.0,
      55.854166666666664,
      55.895833333333336,
      55.9375,
      56.3125,
      56.520833333333336,
      56.604166666666664,
      56.645833333333336,
      56.729166666666664,
      56.604166666666664,
      56.708333333333336,
      56.5625,
      56.645833333333336,
      56.125
    ]
  }
}