{
  "config": {
    "run_name": "exp1_2_L4_K256",
    "out_dir": "./results",
    "seed": 1851165967,
    "device": null,
    "bs_train": 128,
    "bs_test": 32,
    "batches": 150,
    "epochs": 70,
    "early_stopping": 5,
    "checkpoints": null,
    "lr": 0.001,
    "reg": 0.001,
    "filters_per_layer": [
      256
    ],
    "pool_every": 4,
    "hidden_dims": [
      100,
      100
    ],
    "model_type": "cnn",
    "pooling_params": {
      "kernel_size": 2
    },
    "conv_params": {
      "kernel_size": 3,
      "stride": 1,
      "padding": 1
    },
    "activation_type": "lrelu",
    "activation_params": {
      "negative_slope": 0.05
    },
    "pooling_type": "max",
    "kw": {},
    "layers_per_block": 4
  },
  "results": {
    "num_epochs": 54,
    "train_loss": [
      2.3040735721588135,
      2.3024866580963135,
      2.3002490997314453,
      2.2941641807556152,
      2.2690348625183105,
      2.112516164779663,
      1.9801558256149292,
      1.8973156213760376,
      1.8231322765350342,
      1.7720457315444946,
      1.731207013130188,
      1.6950989961624146,
      1.6613738536834717,
      1.6327478885650635,
      1.6052119731903076,
      1.5806957483291626,
      1.5570446252822876,
      1.535109043121338,
      1.5132609605789185,
      1.4895434379577637,
      1.4684792757034302,
      1.4445393085479736,
      1.4222090244293213,
      1.3994779586791992,
      1.3785724639892578,
      1.3547078371047974,
      1.331886887550354,
      1.3089185953140259,
      1.2861965894699097,
      1.2660119533538818,
      1.2451132535934448,
      1.2222453355789185,
      1.2006303071975708,
      1.1781837940216064,
      1.1485463380813599,
      1.1204533576965332,
      1.0879027843475342,
      1.0560230016708374,
      1.0239239931106567,
      0.9917787909507751,
      0.9578612446784973,
      0.9244599342346191,
      0.8874555230140686,
      0.8488736748695374,
      0.8112667202949524,
      0.7789726257324219,
      0.7498171329498291,
      0.7261813879013062,
      0.7394890189170837,
      0.738083004951477,
      0.7305479645729065,
      0.70000821352005,
      0.6769927144050598,
      0.644353985786438
    ],
    "train_acc": [
      10.0625,
      10.322916984558105,
      10.489583969116211,
      15.8125,
      19.9375,
      23.697917938232422,
      28.08333396911621,
      31.84895896911621,
      35.005210876464844,
      36.79166793823242,
      38.380210876464844,
      39.520835876464844,
      40.692710876464844,
      41.703125,
      42.770835876464844,
      43.661460876464844,
      44.55729293823242,
      45.3125,
      46.130210876464844,
      46.984375,
      47.708335876464844,
      48.411460876464844,
      49.125,
      50.067710876464844,
      50.91666793823242,
      51.66666793823242,
      52.43229293823242,
      53.380210876464844,
      54.270835876464844,
      54.927085876464844,
      55.661460876464844,
      56.69791793823242,
      57.52604293823242,
      58.192710876464844,
      59.421875,
      60.43229293823242,
      61.47916793823242,
      62.65104293823242,
      63.72916793823242,
      64.859375,
      66.14583587646484,
      67.30729675292969,
      69.078125,
      70.58854675292969,
      72.22396087646484,
      73.21875,
      74.26042175292969,
      75.046875,
      74.1875,
      74.44271087646484,
      74.43229675292969,
      75.265625,
      76.41667175292969,
      77.22396087646484
    ],
    "test_loss": [
      2.304147958755493,
      2.3022823333740234,
      2.298959970474243,
      2.288283586502075,
      2.2290594577789307,
      2.009641408920288,
      1.923000693321228,
      1.8415071964263916,
      1.7777998447418213,
      1.731448769569397,
      1.6946513652801514,
      1.661474347114563,
      1.6303410530090332,
      1.6138378381729126,
      1.5972155332565308,
      1.5865364074707031,
      1.5728023052215576,
      1.5559115409851074,
      1.5476253032684326,
      1.531097173690796,
      1.5183414220809937,
      1.4973753690719604,
      1.47848641872406,
      1.461538314819336,
      1.4543346166610718,
      1.453438639640808,
      1.4460221529006958,
      1.435706377029419,
      1.4238651990890503,
      1.414052963256836,
      1.408586025238037,
      1.4044146537780762,
      1.3956313133239746,
      1.3778297901153564,
      1.3765125274658203,
      1.3627320528030396,
      1.3611388206481934,
      1.3505244255065918,
      1.3579964637756348,
      1.3488222360610962,
      1.3458709716796875,
      1.3445500135421753,
      1.3572845458984375,
      1.367271065711975,
      1.383274793624878,
      1.4018821716308594,
      1.437846064567566,
      1.4444918632507324,
      1.4799704551696777,
      1.5097194910049438,
      1.56659734249115,
      1.4821802377700806,
      1.5908150672912598,
      1.5527933835983276
    ],
    "test_acc": [
      9.8125,
      9.895833333333334,
      12.0,
      17.020833333333332,
      22.479166666666668,
      26.958333333333332,
      29.770833333333332,
      34.0625,
      36.145833333333336,
      38.145833333333336,
      39.395833333333336,
      40.458333333333336,
      42.020833333333336,
      42.916666666666664,
      43.479166666666664,
      44.229166666666664,
      44.666666666666664,
      45.375,
      45.416666666666664,
      46.104166666666664,
      46.541666666666664,
      47.083333333333336,
      47.458333333333336,
      48.291666666666664,
      48.666666666666664,
      49.208333333333336,
      49.5,
      49.916666666666664,
      49.958333333333336,
      50.4375,
      51.0,
      51.083333333333336,
      51.583333333333336,
      52.291666666666664,
      51.958333333333336,
      52.145833333333336,
      52.791666666666664,
      52.9375,
      52.791666666666664,
      53.208333333333336,
      53.708333333333336,
      54.041666666666664,
      54.5,
      54.395833333333336,
      54.875,
      54.916666666666664,
      54.645833333333336,
      55.166666666666664,
      54.520833333333336,
      53.895833333333336,
      53.041666666666664,
      54.854166666666664,
      51.75
    ]
  }
}