{
  "config": {
    "run_name": "exp1_2_L2_K64",
    "out_dir": "./results",
    "seed": 1264905255,
    "device": null,
    "bs_train": 128,
    "bs_test": 32,
    "batches": 150,
    "epochs": 70,
    "early_stopping": 5,
    "checkpoints": null,
    "lr": 0.001,
    "reg": 0.001,
    "filters_per_layer": [
      64
    ],
    "pool_every": 4,
    "hidden_dims": [
      100,
      100
    ],
    "model_type": "cnn",
    "pooling_params": {
      "kernel_size": 2
    },
    "conv_params": {
      "kernel_size": 3,
      "stride": 1,
      "padding": 1
    },
    "activation_type": "lrelu",
    "activation_params": {
      "negative_slope": 0.05
    },
    "pooling_type": "max",
    "kw": {},
    "layers_per_block": 2
  },
  "results": {
    "num_epochs": 60,
    "train_loss": [
      2.2960126399993896,
      2.244516134262085,
      2.051260232925415,
      1.9174444675445557,
      1.8642600774765015,
      1.8160209655761719,
      1.7671525478363037,
      1.718064785003662,
      1.6736594438552856,
      1.6347895860671997,
      1.6015510559082031,
      1.5723422765731812,
      1.5464099645614624,
      1.5229641199111938,
      1.501994252204895,
      1.4811830520629883,
      1.4617854356765747,
      1.4420747756958008,
      1.423496127128601,
      1.4055639505386353,
      1.3871113061904907,
      1.3681381940841675,
      1.3489001989364624,
      1.3306195735931396,
      1.3122695684432983,
      1.293499231338501,
      1.2748111486434937,
      1.2562874555587769,
      1.236901044845581,
      1.2174303531646729,
      1.1990584135055542,
      1.179690957069397,
      1.1605480909347534,
      1.1399133205413818,
      1.119950294494629,
      1.1007804870605469,
      1.0804147720336914,
      1.0593303442001343,
      1.0386364459991455,
      1.017756700515747,
      0.9963875412940979,
      0.9737315773963928,
      0.9514113068580627,
      0.9299414157867432,
      0.9067226052284241,
      0.8829300999641418,
      0.8602195382118225,
      0.8386351466178894,
      0.8177325129508972,
      0.8023306727409363,
      0.7815528512001038,
      0.7578471899032593,
      0.737248957157135,
      0.7160638570785522,
      0.6910814642906189,
      0.661159336566925,
      0.625697910785675,
      0.590672492980957,
      0.5600342750549316,
      0.5328125357627869
    ],
    "train_acc": [
      12.4375,
      21.33333396911621,
      27.83333396911621,
      32.067710876464844,
      34.067710876464844,
      35.69791793823242,
      37.255210876464844,
      38.984375,
      40.859375,
      42.046875,
      43.09375,
      44.01041793823242,
      44.82291793823242,
      45.90104293823242,
      46.5625,
      47.265625,
      48.036460876464844,
      48.677085876464844,
      49.364585876464844,
      49.911460876464844,
      50.723960876464844,
      51.41666793823242,
      52.265625,
      53.098960876464844,
      53.630210876464844,
      54.24479293823242,
      54.942710876464844,
      55.692710876464844,
      56.27604293823242,
      56.958335876464844,
      57.677085876464844,
      58.484375,
      58.973960876464844,
      59.875,
      60.583335876464844,
      61.265625,
      61.911460876464844,
      62.72916793823242,
      63.44791793823242,
      64.046875,
      64.91146087646484,
      65.75521087646484,
      66.671875,
      67.578125,
      68.55208587646484,
      69.359375,
      70.25,
      71.09896087646484,
      71.90104675292969,
      72.546875,
      73.19271087646484,
      74.13542175292969,
      75.03646087646484,
      75.82292175292969,
      76.78646087646484,
      78.06771087646484,
      79.41667175292969,
      80.796875,
      82.09896087646484,
      83.08333587646484
    ],
    "test_loss": [
      2.283535957336426,
      2.1617202758789062,
      1.944023847579956,
      1.8733543157577515,
      1.8254003524780273,
      1.7781118154525757,
      1.7305580377578735,
      1.6854443550109863,
      1.6550092697143555,
      1.6278584003448486,
      1.6010024547576904,
      1.5757001638412476,
      1.555448055267334,
      1.538491129875183,
      1.5243186950683594,
      1.5103178024291992,
      1.4989622831344604,
      1.4872537851333618,
      1.4768407344818115,
      1.4622907638549805,
      1.4492202997207642,
      1.4341894388198853,
      1.4208611249923706,
      1.4064043760299683,
      1.3927159309387207,
      1.3813977241516113,
      1.3704215288162231,
      1.3580245971679688,
      1.345436692237854,
      1.3358733654022217,
      1.3288840055465698,
      1.3232886791229248,
      1.3171619176864624,
      1.313652753829956,
      1.310998558998108,
      1.3067189455032349,
      1.3031362295150757,
      1.302092432975769,
      1.2985554933547974,
      1.2990622520446777,
      1.2972044944763184,
      1.2970112562179565,
      1.2994747161865234,
      1.2990366220474243,
      1.2991853952407837,
      1.3065141439437866,
      1.3104084730148315,
      1.3123513460159302,
      1.316075325012207,
      1.3201241493225098,
      1.332045555114746,
      1.3455036878585815,
      1.3563066720962524,
      1.3694485425949097,
      1.3930917978286743,
      1.4268925189971924,
      1.454438328742981,
      1.491182565689087,
      1.5162886381149292,
      1.552247166633606
    ],
    "test_acc": [
      20.625,
      26.083333333333332,
      30.041666666666668,
      33.041666666666664,
      35.729166666666664,
      37.354166666666664,
      38.791666666666664,
      40.25,
      40.916666666666664,
      41.875,
      43.041666666666664,
      43.979166666666664,
      44.583333333333336,
      45.145833333333336,
      45.666666666666664,
      46.583333333333336,
      46.729166666666664,
      47.270833333333336,
      47.854166666666664,
      48.375,
      48.895833333333336,
      49.541666666666664,
      50.0,
      50.3125,
      50.708333333333336,
      51.1875,
      51.479166666666664,
      51.791666666666664,
      52.270833333333336,
      52.75,
      53.104166666666664,
      53.458333333333336,
      53.583333333333336,
      53.9375,
      53.854166666666664,
      54.333333333333336,
      54.729166666666664,
      54.604166666666664,
      54.791666666666664,
      54.604166666666664,
      55.145833333333336,
      55.104166666666664,
      55.0625,
      55.166666666666664,
      55.020833333333336,
      55.458333333333336,
      55.666666666666664,
      55.791666666666664,
      55.645833333333336,
      56.020833333333336,
      56.0,
      56.166666666666664,
      55.979166666666664,
      56.229166666666664,
      55.916666666666664,
      55.5625,
      55.125,
      55.0625,
      55.145833333333336
    ]
  }
}