{
  "config": {
    "run_name": "exp1_1_L8_K32",
    "out_dir": "./results",
    "seed": 1232339344,
    "device": null,
    "bs_train": 128,
    "bs_test": 32,
    "batches": 150,
    "epochs": 70,
    "early_stopping": 5,
    "checkpoints": null,
    "lr": 0.001,
    "reg": 0.001,
    "filters_per_layer": [
      32
    ],
    "pool_every": 4,
    "hidden_dims": [
      1000
    ],
    "model_type": "cnn",
    "pooling_params": {
      "kernel_size": 2
    },
    "conv_params": {
      "kernel_size": 3,
      "stride": 1,
      "padding": 1
    },
    "activation_type": "lrelu",
    "activation_params": {
      "negative_slope": 0.05
    },
    "pooling_type": "max",
    "kw": {},
    "layers_per_block": 8
  },
  "results": {
    "num_epochs": 70,
    "train_loss": [
      2.3027212619781494,
      2.3026185035705566,
      2.3025565147399902,
      2.302518844604492,
      2.3024966716766357,
      2.302482843399048,
      2.302473783493042,
      2.302468776702881,
      2.3024652004241943,
      2.3024635314941406,
      2.302462339401245,
      2.3024613857269287,
      2.302459716796875,
      2.302459716796875,
      2.3024590015411377,
      2.3024580478668213,
      2.3024582862854004,
      2.302457332611084,
      2.302456855773926,
      2.3024561405181885,
      2.3024561405181885,
      2.3024559020996094,
      2.302455186843872,
      2.302454948425293,
      2.302454710006714,
      2.3024539947509766,
      2.3024537563323975,
      2.3024535179138184,
      2.30245304107666,
      2.302452564239502,
      2.3024520874023438,
      2.3024513721466064,
      2.3024511337280273,
      2.302450656890869,
      2.302450180053711,
      2.3024497032165527,
      2.3024492263793945,
      2.3024485111236572,
      2.302448272705078,
      2.302448034286499,
      2.3024473190307617,
      2.3024466037750244,
      2.3024463653564453,
      2.302445650100708,
      2.30244517326355,
      2.3024446964263916,
      2.302443742752075,
      2.302443027496338,
      2.3024423122406006,
      2.302441120147705,
      2.302440881729126,
      2.3024401664733887,
      2.3024396896362305,
      2.3024380207061768,
      2.3024368286132812,
      2.302436113357544,
      2.3024349212646484,
      2.302433967590332,
      2.3024327754974365,
      2.3024325370788574,
      2.302431583404541,
      2.302431106567383,
      2.3024299144744873,
      2.30242919921875,
      2.3024284839630127,
      2.3024275302886963,
      2.30242657661438,
      2.3024256229400635,
      2.302424430847168,
      2.3024234771728516
    ],
    "train_acc": [
      10.0625,
      10.0625,
      9.916666984558105,
      9.864583969116211,
      9.973958969116211,
      10.239583969116211,
      10.239583969116211,
      10.239583969116211,
      10.239583969116211,
      10.239583969116211,
      10.239583969116211,
      10.239583969116211,
      10.239583969116211,
      10.239583969116211,
      10.239583969116211,
      10.239583969116211,
      10.239583969116211,
      10.239583969116211,
      10.239583969116211,
      10.239583969116211,
      10.239583969116211,
      10.239583969116211,
      10.239583969116211,
      10.239583969116211,
      10.239583969116211,
      10.239583969116211,
      10.239583969116211,
      10.239583969116211,
      10.239583969116211,
      10.239583969116211,
      10.239583969116211,
      10.239583969116211,
      10.239583969116211,
      10.239583969116211,
      10.239583969116211,
      10.239583969116211,
      10.239583969116211,
      10.239583969116211,
      10.239583969116211,
      10.239583969116211,
      10.239583969116211,
      10.239583969116211,
      10.239583969116211,
      10.239583969116211,
      10.239583969116211,
      10.239583969116211,
      10.239583969116211,
      10.239583969116211,
      10.239583969116211,
      10.239583969116211,
      10.239583969116211,
      10.239583969116211,
      10.239583969116211,
      10.239583969116211,
      10.239583969116211,
      10.239583969116211,
      10.239583969116211,
      10.239583969116211,
      10.239583969116211,
      10.239583969116211,
      10.239583969116211,
      10.239583969116211,
      10.239583969116211,
      10.239583969116211,
      10.239583969116211,
      10.239583969116211,
      10.239583969116211,
      10.239583969116211,
      10.239583969116211,
      10.239583969116211
    ],
    "test_loss": [
      2.3027045726776123,
      2.302643060684204,
      2.302609443664551,
      2.3025920391082764,
      2.3025825023651123,
      2.302579164505005,
      2.3025779724121094,
      2.3025782108306885,
      2.302578926086426,
      2.302579641342163,
      2.3025810718536377,
      2.302581310272217,
      2.3025825023651123,
      2.302583694458008,
      2.3025834560394287,
      2.302584409713745,
      2.302584171295166,
      2.302583932876587,
      2.302583932876587,
      2.302583932876587,
      2.302583932876587,
      2.3025834560394287,
      2.3025832176208496,
      2.3025832176208496,
      2.3025827407836914,
      2.302582263946533,
      2.302582025527954,
      2.302582025527954,
      2.302581310272217,
      2.302581310272217,
      2.3025810718536377,
      2.3025808334350586,
      2.3025805950164795,
      2.302579641342163,
      2.302579402923584,
      2.3025786876678467,
      2.3025782108306885,
      2.3025782108306885,
      2.302577495574951,
      2.302577257156372,
      2.302576780319214,
      2.3025758266448975,
      2.3025755882263184,
      2.30257511138916,
      2.302574396133423,
      2.3025741577148438,
      2.3025734424591064,
      2.302572727203369,
      2.30257248878479,
      2.3025717735290527,
      2.3025712966918945,
      2.3025708198547363,
      2.3025691509246826,
      2.302568197250366,
      2.302567481994629,
      2.3025670051574707,
      2.302565813064575,
      2.302565097808838,
      2.3025643825531006,
      2.3025639057159424,
      2.302562952041626,
      2.3025617599487305,
      2.3025612831115723,
      2.302560329437256,
      2.3025598526000977,
      2.302558660507202,
      2.3025577068328857,
      2.3025565147399902,
      2.302555561065674,
      2.3025546073913574
    ],
    "test_acc": [
      9.8125,
      9.8125,
      9.8125,
      9.8125,
      9.895833333333334,
      9.895833333333334,
      9.895833333333334,
      9.895833333333334,
      9.895833333333334,
      9.895833333333334,
      9.895833333333334,
      9.895833333333334,
      9.895833333333334,
      9.895833333333334,
      9.895833333333334,
      9.895833333333334,
      9.895833333333334,
      9.895833333333334,
      9.895833333333334,
      9.895833333333334,
      9.895833333333334,
      9.895833333333334,
      9.895833333333334,
      9.895833333333334,
      9.895833333333334,
      9.895833333333334,
      9.895833333333334,
      9.895833333333334,
      9.895833333333334,
      9.895833333333334,
      9.895833333333334,
      9.895833333333334,
      9.895833333333334,
      9.895833333333334,
      9.895833333333334,
      9.895833333333334,
      9.895833333333334,
      9.895833333333334,
      9.895833333333334,
      9.895833333333334,
      9.895833333333334,
      9.895833333333334,
      9.895833333333334,
      9.895833333333334,
      9.895833333333334,
      9.895833333333334,
      9.895833333333334,
      9.895833333333334,
      9.895833333333334,
      9.895833333333334,
      9.895833333333334,
      9.895833333333334,
      9.895833333333334,
      9.895833333333334,
      9.895833333333334,
      9.895833333333334,
      9.895833333333334,
      9.895833333333334,
      9.895833333333334,
      9.895833333333334,
      9.895833333333334,
      9.895833333333334,
      9.895833333333334,
      9.895833333333334,
      9.895833333333334,
      9.895833333333334,
      9.895833333333334,
      9.895833333333334,
      9.895833333333334,
      9.895833333333334
    ]
  }
}