{
  "config": {
    "run_name": "exp1_1_L2_K32",
    "out_dir": "./results",
    "seed": 1741069095,
    "device": null,
    "bs_train": 128,
    "bs_test": 32,
    "batches": 150,
    "epochs": 70,
    "early_stopping": 5,
    "checkpoints": null,
    "lr": 0.001,
    "reg": 0.001,
    "filters_per_layer": [
      32
    ],
    "pool_every": 4,
    "hidden_dims": [
      1000
    ],
    "model_type": "cnn",
    "pooling_params": {
      "kernel_size": 2
    },
    "conv_params": {
      "kernel_size": 3,
      "stride": 1,
      "padding": 1
    },
    "activation_type": "lrelu",
    "activation_params": {
      "negative_slope": 0.05
    },
    "pooling_type": "max",
    "kw": {},
    "layers_per_block": 2
  },
  "results": {
    "num_epochs": 51,
    "train_loss": [
      2.2331273555755615,
      2.043837785720825,
      1.900206446647644,
      1.8250089883804321,
      1.7581021785736084,
      1.6968499422073364,
      1.6442339420318604,
      1.5994895696640015,
      1.5611439943313599,
      1.526995301246643,
      1.4969451427459717,
      1.469759225845337,
      1.4444326162338257,
      1.4206198453903198,
      1.3965961933135986,
      1.3729596138000488,
      1.3493248224258423,
      1.3258326053619385,
      1.3021533489227295,
      1.2786285877227783,
      1.254958152770996,
      1.2308827638626099,
      1.2071138620376587,
      1.1839808225631714,
      1.1605644226074219,
      1.1362264156341553,
      1.1112587451934814,
      1.0874192714691162,
      1.0622249841690063,
      1.0355353355407715,
      1.0086015462875366,
      0.9807029366493225,
      0.9536049365997314,
      0.9234939813613892,
      0.891666054725647,
      0.858241856098175,
      0.8272013068199158,
      0.792587161064148,
      0.757154107093811,
      0.7221251130104065,
      0.6862756609916687,
      0.6532716155052185,
      0.6181334853172302,
      0.5929067730903625,
      0.5784872174263,
      0.5906124711036682,
      0.6024038195610046,
      0.5969055891036987,
      0.5548055768013,
      0.4942567050457001,
      0.44893911480903625
    ],
    "train_acc": [
      17.64583396911621,
      28.14583396911621,
      32.880210876464844,
      35.65104293823242,
      38.03125,
      40.317710876464844,
      42.27604293823242,
      43.99479293823242,
      45.328125,
      46.520835876464844,
      47.536460876464844,
      48.489585876464844,
      49.38541793823242,
      50.442710876464844,
      51.239585876464844,
      52.005210876464844,
      52.880210876464844,
      53.708335876464844,
      54.51041793823242,
      55.473960876464844,
      56.3125,
      57.16666793823242,
      58.005210876464844,
      58.71354293823242,
      59.57291793823242,
      60.40625,
      61.33854293823242,
      62.28125,
      63.208335876464844,
      64.40104675292969,
      65.49479675292969,
      66.453125,
      67.55208587646484,
      68.77604675292969,
      69.95833587646484,
      71.33333587646484,
      72.47917175292969,
      73.9375,
      75.45833587646484,
      76.75521087646484,
      78.14583587646484,
      79.18229675292969,
      80.88021087646484,
      81.97917175292969,
      82.125,
      81.19271087646484,
      80.22917175292969,
      80.359375,
      82.265625,
      84.73958587646484,
      86.453125
    ],
    "test_loss": [
      2.12542986869812,
      1.942739486694336,
      1.8484277725219727,
      1.7837239503860474,
      1.7190511226654053,
      1.6639121770858765,
      1.6202597618103027,
      1.5854213237762451,
      1.5575586557388306,
      1.534988284111023,
      1.5157445669174194,
      1.4987053871154785,
      1.4824548959732056,
      1.4666823148727417,
      1.4495868682861328,
      1.4345970153808594,
      1.4208859205245972,
      1.4065275192260742,
      1.3955044746398926,
      1.385486125946045,
      1.3763525485992432,
      1.3663281202316284,
      1.3594300746917725,
      1.353454351425171,
      1.3494633436203003,
      1.3475192785263062,
      1.3470330238342285,
      1.3456010818481445,
      1.3437743186950684,
      1.345474123954773,
      1.3480476140975952,
      1.3509587049484253,
      1.357164740562439,
      1.3566972017288208,
      1.3647840023040771,
      1.3678675889968872,
      1.3834600448608398,
      1.392701268196106,
      1.4007482528686523,
      1.415460467338562,
      1.4335154294967651,
      1.456706166267395,
      1.4768965244293213,
      1.4921729564666748,
      1.4888267517089844,
      1.5048110485076904,
      1.5818440914154053,
      1.4993727207183838,
      1.5433241128921509,
      1.582809329032898,
      1.642930507659912
    ],
    "test_acc": [
      21.645833333333332,
      31.0,
      34.791666666666664,
      37.395833333333336,
      39.666666666666664,
      41.75,
      43.0625,
      44.270833333333336,
      45.208333333333336,
      46.0625,
      46.770833333333336,
      47.770833333333336,
      48.354166666666664,
      49.083333333333336,
      49.458333333333336,
      50.229166666666664,
      50.958333333333336,
      51.5625,
      51.916666666666664,
      52.395833333333336,
      52.25,
      52.5625,
      52.770833333333336,
      52.9375,
      53.104166666666664,
      53.416666666666664,
      53.5,
      53.8125,
      53.958333333333336,
      53.854166666666664,
      53.979166666666664,
      53.979166666666664,
      54.125,
      54.270833333333336,
      54.229166666666664,
      54.666666666666664,
      54.5625,
      54.541666666666664,
      54.604166666666664,
      54.75,
      54.541666666666664,
      54.729166666666664,
      54.541666666666664,
      54.5625,
      55.083333333333336,
      54.458333333333336,
      53.645833333333336,
      54.625,
      54.0625,
      53.895833333333336
    ]
  }
}