{
  "config": {
    "run_name": "exp1_2_L4_K32",
    "out_dir": "./results",
    "seed": 2009699856,
    "device": null,
    "bs_train": 128,
    "bs_test": 32,
    "batches": 150,
    "epochs": 70,
    "early_stopping": 5,
    "checkpoints": null,
    "lr": 0.001,
    "reg": 0.001,
    "filters_per_layer": [
      32
    ],
    "pool_every": 4,
    "hidden_dims": [
      1000
    ],
    "model_type": "cnn",
    "pooling_params": {
      "kernel_size": 2
    },
    "conv_params": {
      "kernel_size": 3,
      "stride": 1,
      "padding": 1
    },
    "activation_type": "lrelu",
    "activation_params": {
      "negative_slope": 0.05
    },
    "pooling_type": "max",
    "kw": {},
    "layers_per_block": 4
  },
  "results": {
    "num_epochs": 53,
    "train_loss": [
      2.302109956741333,
      2.300579071044922,
      2.2970871925354004,
      2.2837088108062744,
      2.2016754150390625,
      2.073554039001465,
      1.9543544054031372,
      1.8740301132202148,
      1.8030884265899658,
      1.7338814735412598,
      1.6765472888946533,
      1.6336512565612793,
      1.5996291637420654,
      1.5678925514221191,
      1.5393931865692139,
      1.5124329328536987,
      1.4850491285324097,
      1.4590840339660645,
      1.4326571226119995,
      1.406843662261963,
      1.3791576623916626,
      1.352175235748291,
      1.3247768878936768,
      1.2952001094818115,
      1.2650201320648193,
      1.2337307929992676,
      1.2039822340011597,
      1.170849323272705,
      1.13507878780365,
      1.0976358652114868,
      1.059829831123352,
      1.0222326517105103,
      0.9829091429710388,
      0.9414165019989014,
      0.8950775265693665,
      0.8478915691375732,
      0.8094948530197144,
      0.7997757196426392,
      0.778096616268158,
      0.7553750872612,
      0.7078675627708435,
      0.6343458294868469,
      0.5962415337562561,
      0.6003835201263428,
      0.550744891166687,
      0.5143972039222717,
      0.4677305221557617,
      0.42901530861854553,
      0.3951423764228821,
      0.37184157967567444,
      0.3376663029193878,
      0.3018978238105774,
      0.27697381377220154
    ],
    "train_acc": [
      10.880208969116211,
      11.796875,
      10.484375,
      11.385416984558105,
      19.791667938232422,
      26.86458396911621,
      30.89583396911621,
      33.35416793823242,
      35.817710876464844,
      38.55729293823242,
      40.770835876464844,
      42.692710876464844,
      43.61979293823242,
      44.75,
      45.78125,
      46.703125,
      47.645835876464844,
      48.692710876464844,
      49.71875,
      50.880210876464844,
      51.786460876464844,
      53.098960876464844,
      53.9375,
      54.99479293823242,
      56.01041793823242,
      57.27604293823242,
      58.348960876464844,
      59.546875,
      61.020835876464844,
      62.395835876464844,
      63.46354293823242,
      64.90625,
      66.4375,
      67.828125,
      69.27083587646484,
      71.03125,
      72.484375,
      72.671875,
      73.17708587646484,
      73.890625,
      75.55729675292969,
      78.13021087646484,
      79.578125,
      79.02604675292969,
      81.32292175292969,
      82.61979675292969,
      84.015625,
      85.71354675292969,
      86.73958587646484,
      87.609375,
      88.60417175292969,
      90.046875,
      90.75521087646484
    ],
    "test_loss": [
      2.301467180252075,
      2.2994191646575928,
      2.293288469314575,
      2.2644362449645996,
      2.1237564086914062,
      1.9952014684677124,
      1.8933131694793701,
      1.8252462148666382,
      1.7574888467788696,
      1.699836254119873,
      1.6551698446273804,
      1.6207929849624634,
      1.596009612083435,
      1.5747027397155762,
      1.5583726167678833,
      1.5424128770828247,
      1.5263315439224243,
      1.5163286924362183,
      1.5057570934295654,
      1.4955425262451172,
      1.4904433488845825,
      1.4871642589569092,
      1.4789670705795288,
      1.4709270000457764,
      1.4631532430648804,
      1.4544646739959717,
      1.4614688158035278,
      1.454830527305603,
      1.4621349573135376,
      1.4604967832565308,
      1.467949390411377,
      1.4824116230010986,
      1.494588851928711,
      1.5032620429992676,
      1.5306060314178467,
      1.553952693939209,
      1.5900288820266724,
      1.654597520828247,
      1.7295552492141724,
      1.7080527544021606,
      1.6735907793045044,
      1.7573820352554321,
      1.7918072938919067,
      1.8109182119369507,
      1.8999942541122437,
      1.877156376838684,
      1.848679780960083,
      2.0050737857818604,
      2.0119214057922363,
      2.0186049938201904,
      2.1195456981658936,
      2.3671655654907227,
      2.4926514625549316
    ],
    "test_acc": [
      13.354166666666666,
      10.729166666666666,
      10.25,
      14.6875,
      21.229166666666668,
      29.0625,
      33.25,
      35.270833333333336,
      38.041666666666664,
      39.916666666666664,
      41.604166666666664,
      43.0,
      43.729166666666664,
      44.625,
      45.25,
      45.75,
      46.5,
      47.395833333333336,
      47.604166666666664,
      48.4375,
      48.583333333333336,
      49.0,
      48.8125,
      49.3125,
      49.9375,
      49.916666666666664,
      49.541666666666664,
      50.416666666666664,
      50.1875,
      50.645833333333336,
      50.291666666666664,
      51.125,
      50.854166666666664,
      51.041666666666664,
      50.895833333333336,
      51.291666666666664,
      50.8125,
      50.25,
      48.583333333333336,
      50.166666666666664,
      50.791666666666664,
      51.520833333333336,
      50.729166666666664,
      50.708333333333336,
      49.729166666666664,
      50.166666666666664,
      51.729166666666664,
      51.104166666666664,
      51.291666666666664,
      50.541666666666664,
      50.583333333333336,
      49.208333333333336
    ]
  }
}