{
  "config": {
    "run_name": "exp1_4_L16_K32",
    "out_dir": "./results",
    "seed": 1600824040,
    "device": null,
    "bs_train": 128,
    "bs_test": 32,
    "batches": 150,
    "epochs": 200,
    "early_stopping": 5,
    "checkpoints": null,
    "lr": 0.001,
    "reg": 0.001,
    "filters_per_layer": [
      32
    ],
    "pool_every": 8,
    "hidden_dims": [
      1000
    ],
    "model_type": "resnet",
    "pooling_params": {
      "kernel_size": 2
    },
    "conv_params": {
      "kernel_size": 3,
      "stride": 1,
      "padding": 1
    },
    "activation_type": "lrelu",
    "activation_params": {
      "negative_slope": 0.05
    },
    "pooling_type": "max",
    "kw": {},
    "layers_per_block": 16
  },
  "results": {
    "num_epochs": 116,
    "train_loss": [
      2.288208246231079,
      2.2562015056610107,
      2.215468645095825,
      2.1630311012268066,
      2.1098194122314453,
      2.0676636695861816,
      2.037698268890381,
      2.0152268409729004,
      1.996948003768921,
      1.980837345123291,
      1.965663194656372,
      1.9507055282592773,
      1.9354475736618042,
      1.9196972846984863,
      1.9033347368240356,
      1.8864187002182007,
      1.8689186573028564,
      1.8508508205413818,
      1.8322086334228516,
      1.8131197690963745,
      1.7937331199645996,
      1.774206280708313,
      1.7548677921295166,
      1.7359477281570435,
      1.717671513557434,
      1.7002862691879272,
      1.6840181350708008,
      1.6687886714935303,
      1.654443383216858,
      1.640700101852417,
      1.6270846128463745,
      1.612483263015747,
      1.5949058532714844,
      1.5729836225509644,
      1.5499131679534912,
      1.5303298234939575,
      1.514626383781433,
      1.4991130828857422,
      1.484251856803894,
      1.470497488975525,
      1.4573509693145752,
      1.445237398147583,
      1.4333980083465576,
      1.4227787256240845,
      1.412328839302063,
      1.4017094373703003,
      1.3914650678634644,
      1.3817572593688965,
      1.3715046644210815,
      1.3616970777511597,
      1.3515832424163818,
      1.3414469957351685,
      1.331657886505127,
      1.3213021755218506,
      1.3117533922195435,
      1.302228331565857,
      1.2932037115097046,
      1.2845104932785034,
      1.276247501373291,
      1.2677041292190552,
      1.2594074010849,
      1.2514688968658447,
      1.2434543371200562,
      1.2350306510925293,
      1.2266875505447388,
      1.218692421913147,
      1.2110755443572998,
      1.2031700611114502,
      1.195562481880188,
      1.1879160404205322,
      1.1798923015594482,
      1.172048568725586,
      1.1635578870773315,
      1.1543450355529785,
      1.1453371047973633,
      1.1367918252944946,
      1.1286934614181519,
      1.120285987854004,
      1.1116836071014404,
      1.1036378145217896,
      1.095255970954895,
      1.0873091220855713,
      1.0796246528625488,
      1.0713365077972412,
      1.0629608631134033,
      1.05462646484375,
      1.0459105968475342,
      1.0379856824874878,
      1.0283100605010986,
      1.020180583000183,
      1.0113375186920166,
      1.0028033256530762,
      0.9942174553871155,
      0.9870023727416992,
      0.9799241423606873,
      0.9720502495765686,
      0.9655532836914062,
      0.9582270383834839,
      0.9468351006507874,
      0.9363529682159424,
      0.9265843629837036,
      0.9168895483016968,
      0.9069526195526123,
      0.8972069025039673,
      0.8869343996047974,
      0.8771779537200928,
      0.8669142723083496,
      0.8574525713920593,
      0.8478495478630066,
      0.8376042246818542,
      0.8266610503196716,
      0.8150869011878967,
      0.8045037388801575,
      0.7935072779655457,
      0.7816593647003174,
      0.7690647840499878
    ],
    "train_acc": [
      14.296875,
      22.03125,
      24.78125,
      25.776042938232422,
      26.38020896911621,
      26.859375,
      27.578125,
      28.182292938232422,
      28.9375,
      29.625,
      30.46875,
      31.25,
      31.947917938232422,
      32.72916793823242,
      33.473960876464844,
      34.078125,
      35.078125,
      35.6875,
      36.24479293823242,
      37.036460876464844,
      37.69791793823242,
      38.33854293823242,
      39.083335876464844,
      39.55729293823242,
      40.177085876464844,
      40.63541793823242,
      41.067710876464844,
      41.46354293823242,
      41.84375,
      42.3125,
      42.75,
      43.26041793823242,
      43.890625,
      44.69791793823242,
      45.328125,
      45.78125,
      46.421875,
      46.85416793823242,
      47.223960876464844,
      47.66666793823242,
      47.90625,
      48.328125,
      48.68229293823242,
      49.052085876464844,
      49.328125,
      49.71354293823242,
      50.078125,
      50.26041793823242,
      50.71354293823242,
      51.0,
      51.427085876464844,
      51.755210876464844,
      52.265625,
      52.796875,
      53.177085876464844,
      53.473960876464844,
      53.90104293823242,
      54.255210876464844,
      54.458335876464844,
      54.72916793823242,
      55.05729293823242,
      55.515625,
      55.864585876464844,
      56.234375,
      56.484375,
      56.880210876464844,
      57.145835876464844,
      57.60416793823242,
      57.96354293823242,
      58.265625,
      58.58854293823242,
      58.86979293823242,
      59.26041793823242,
      59.57291793823242,
      59.82291793823242,
      60.208335876464844,
      60.44791793823242,
      60.708335876464844,
      61.01041793823242,
      61.255210876464844,
      61.552085876464844,
      61.85416793823242,
      62.114585876464844,
      62.44791793823242,
      62.66666793823242,
      63.10416793823242,
      63.33854293823242,
      63.578125,
      63.82291793823242,
      64.16146087646484,
      64.48958587646484,
      64.734375,
      65.04167175292969,
      65.24479675292969,
      65.63542175292969,
      65.88021087646484,
      66.046875,
      66.57292175292969,
      66.953125,
      67.34375,
      67.63542175292969,
      67.94792175292969,
      68.32292175292969,
      68.72396087646484,
      68.98958587646484,
      69.296875,
      69.79167175292969,
      70.125,
      70.41667175292969,
      70.890625,
      71.23958587646484,
      71.71354675292969,
      72.02604675292969,
      72.453125,
      72.88021087646484,
      73.40104675292969
    ],