{
  "config": {
    "run_name": "exp1_2_L4_K128",
    "out_dir": "./results",
    "seed": 2019604345,
    "device": null,
    "bs_train": 128,
    "bs_test": 32,
    "batches": 150,
    "epochs": 70,
    "early_stopping": 5,
    "checkpoints": null,
    "lr": 0.001,
    "reg": 0.001,
    "filters_per_layer": [
      128
    ],
    "pool_every": 4,
    "hidden_dims": [
      1000
    ],
    "model_type": "cnn",
    "pooling_params": {
      "kernel_size": 2
    },
    "conv_params": {
      "kernel_size": 3,
      "stride": 1,
      "padding": 1
    },
    "activation_type": "lrelu",
    "activation_params": {
      "negative_slope": 0.05
    },
    "pooling_type": "max",
    "kw": {},
    "layers_per_block": 4
  },
  "results": {
    "num_epochs": 39,
    "train_loss": [
      2.300467014312744,
      2.2881200313568115,
      2.1926960945129395,
      2.002855062484741,
      1.8913096189498901,
      1.8072011470794678,
      1.7371984720230103,
      1.6813887357711792,
      1.636096477508545,
      1.598552942276001,
      1.5654208660125732,
      1.5354032516479492,
      1.5067263841629028,
      1.4791886806488037,
      1.4508039951324463,
      1.4235293865203857,
      1.3951759338378906,
      1.3658807277679443,
      1.3348946571350098,
      1.3038028478622437,
      1.2719467878341675,
      1.2391268014907837,
      1.2058640718460083,
      1.171258807182312,
      1.1368300914764404,
      1.099857211112976,
      1.0597575902938843,
      1.0178669691085815,
      0.9732066988945007,
      0.9264441728591919,
      0.8755531907081604,
      0.8181816935539246,
      0.7646099925041199,
      0.7162084579467773,
      0.6958738565444946,
      0.649645984172821,
      0.6440982818603516,
      0.5895467400550842,
      0.5406638979911804
    ],
    "train_acc": [
      12.807291984558105,
      12.276041984558105,
      19.953125,
      28.984375,
      32.802085876464844,
      35.859375,
      38.46354293823242,
      40.411460876464844,
      42.0,
      43.59375,
      44.80729293823242,
      46.020835876464844,
      47.203125,
      48.067710876464844,
      49.177085876464844,
      50.22916793823242,
      51.01041793823242,
      52.03125,
      53.01041793823242,
      54.24479293823242,
      55.5,
      56.69791793823242,
      58.005210876464844,
      59.484375,
      60.63541793823242,
      62.005210876464844,
      63.21875,
      65.03125,
      66.50521087646484,
      68.18229675292969,
      70.22396087646484,
      72.52604675292969,
      74.515625,
      76.13021087646484,
      76.47917175292969,
      78.16146087646484,
      78.046875,
      79.84375,
      82.140625
    ],
    "test_loss": [
      2.297118663787842,
      2.2685892581939697,
      2.1042168140411377,
      1.9065462350845337,
      1.8268147706985474,
      1.7533543109893799,
      1.693925142288208,
      1.6453384160995483,
      1.608879804611206,
      1.5819858312606812,
      1.5609099864959717,
      1.5455124378204346,
      1.531528353691101,
      1.5180987119674683,
      1.5039265155792236,
      1.4929791688919067,
      1.4742722511291504,
      1.4569522142410278,
      1.445379376411438,
      1.4308708906173706,
      1.415223240852356,
      1.400580883026123,
      1.3865807056427002,
      1.3805649280548096,
      1.3709399700164795,
      1.3732260465621948,
      1.3744325637817383,
      1.3733519315719604,
      1.3894530534744263,
      1.3970222473144531,
      1.4135305881500244,
      1.436150312423706,
      1.4656733274459839,
      1.5081733465194702,
      1.5285085439682007,
      1.6743613481521606,
      1.654071569442749,
      1.6974856853485107,
      1.7727903127670288
    ],
    "test_acc": [
      14.229166666666666,
      13.75,
      22.145833333333332,
      32.125,
      35.333333333333336,
      38.041666666666664,
      40.020833333333336,
      41.666666666666664,
      42.6875,
      44.1875,
      45.145833333333336,
      45.833333333333336,
      46.4375,
      46.583333333333336,
      47.3125,
      47.75,
      48.270833333333336,
      49.104166666666664,
      49.75,
      50.208333333333336,
      50.770833333333336,
      51.375,
      51.583333333333336,
      52.125,
      52.416666666666664,
      52.1875,
      52.125,
      52.75,
      52.791666666666664,
      53.1875,
      53.4375,
      53.8125,
      54.208333333333336,
      53.875,
      52.895833333333336,
      51.645833333333336,
      52.1875,
      52.395833333333336
    ]
  }
}