{
  "config": {
    "run_name": "exp1_1_L4_K32",
    "out_dir": "./results",
    "seed": 941739749,
    "device": null,
    "bs_train": 128,
    "bs_test": 32,
    "batches": 150,
    "epochs": 70,
    "early_stopping": 5,
    "checkpoints": null,
    "lr": 0.001,
    "reg": 0.001,
    "filters_per_layer": [
      32
    ],
    "pool_every": 4,
    "hidden_dims": [
      1000
    ],
    "model_type": "cnn",
    "pooling_params": {
      "kernel_size": 2
    },
    "conv_params": {
      "kernel_size": 3,
      "stride": 1,
      "padding": 1
    },
    "activation_type": "lrelu",
    "activation_params": {
      "negative_slope": 0.05
    },
    "pooling_type": "max",
    "kw": {},
    "layers_per_block": 4
  },
  "results": {
    "num_epochs": 47,
    "train_loss": [
      2.302051305770874,
      2.300666093826294,
      2.296704053878784,
      2.2801578044891357,
      2.1879587173461914,
      2.0906779766082764,
      2.0056018829345703,
      1.8989522457122803,
      1.813927412033081,
      1.7497347593307495,
      1.6963412761688232,
      1.6465483903884888,
      1.6060696840286255,
      1.5721606016159058,
      1.5421209335327148,
      1.5128090381622314,
      1.4860880374908447,
      1.4594861268997192,
      1.4341447353363037,
      1.4085816144943237,
      1.382525086402893,
      1.3572818040847778,
      1.3317561149597168,
      1.3073879480361938,
      1.279685139656067,
      1.2527978420257568,
      1.223771333694458,
      1.1939541101455688,
      1.1626312732696533,
      1.1294007301330566,
      1.0956896543502808,
      1.0520083904266357,
      1.0167255401611328,
      0.9729588627815247,
      0.9261844158172607,
      0.8823252320289612,
      0.8432681560516357,
      0.8076779246330261,
      0.7967747449874878,
      0.7825460433959961,
      0.7298597693443298,
      0.6718835234642029,
      0.6040709614753723,
      0.5652995109558105,
      0.5825996994972229,
      0.5603899359703064,
      0.5124472975730896
    ],
    "train_acc": [
      10.192708969116211,
      12.828125,
      14.515625,
      12.552083969116211,
      20.265625,
      25.666667938232422,
      29.6875,
      33.4375,
      35.645835876464844,
      37.786460876464844,
      39.765625,
      42.005210876464844,
      43.421875,
      44.29166793823242,
      45.536460876464844,
      46.5,
      47.38541793823242,
      48.484375,
      49.55729293823242,
      50.427085876464844,
      51.36979293823242,
      52.578125,
      53.359375,
      54.317710876464844,
      55.30729293823242,
      56.442710876464844,
      57.46354293823242,
      58.27604293823242,
      59.536460876464844,
      60.677085876464844,
      61.90104293823242,
      63.765625,
      64.91146087646484,
      66.52604675292969,
      68.4375,
      70.046875,
      71.296875,
      72.69792175292969,
      72.45833587646484,
      72.578125,
      74.6875,
      76.83854675292969,
      79.69271087646484,
      80.734375,
      79.90625,
      80.84375,
      82.36979675292969
    ],
    "test_loss": [
      2.301504373550415,
      2.2994184494018555,
      2.2923004627227783,
      2.256028652191162,
      2.122131586074829,
      2.043363332748413,
      1.9358851909637451,
      1.8369042873382568,
      1.7673598527908325,
      1.7203478813171387,
      1.6809768676757812,
      1.64430570602417,
      1.6118218898773193,
      1.5787827968597412,
      1.5632867813110352,
      1.5471209287643433,
      1.53764009475708,
      1.5256437063217163,
      1.5171751976013184,
      1.5112093687057495,
      1.5046411752700806,
      1.4992809295654297,
      1.4942412376403809,
      1.4907013177871704,
      1.4820817708969116,
      1.4834322929382324,
      1.4807140827178955,
      1.4773365259170532,
      1.4820796251296997,
      1.4915711879730225,
      1.4980032444000244,
      1.4987585544586182,
      1.5202610492706299,
      1.5321472883224487,
      1.5456997156143188,
      1.5711164474487305,
      1.585543155670166,
      1.6790926456451416,
      1.716383457183838,
      1.657939076423645,
      1.6691057682037354,
      1.7505645751953125,
      1.8734098672866821,
      1.8943766355514526,
      1.842193603515625,
      1.758076548576355,
      1.8371549844741821
    ],
    "test_acc": [
      10.375,
      16.8125,
      13.083333333333334,
      15.75,
      20.791666666666668,
      26.604166666666668,
      32.145833333333336,
      35.125,
      37.5,
      39.333333333333336,
      41.041666666666664,
      41.916666666666664,
      42.875,
      43.895833333333336,
      45.041666666666664,
      46.104166666666664,
      46.5625,
      47.041666666666664,
      47.291666666666664,
      47.5625,
      48.166666666666664,
      48.8125,
      48.854166666666664,
      49.145833333333336,
      49.604166666666664,
      49.395833333333336,
      49.6875,
      49.104166666666664,
      49.208333333333336,
      49.5,
      49.729166666666664,
      49.770833333333336,
      49.75,
      49.916666666666664,
      50.041666666666664,
      49.479166666666664,
      49.979166666666664,
      48.916666666666664,
      48.541666666666664,
      50.0625,
      51.666666666666664,
      50.875,
      50.083333333333336,
      50.166666666666664,
      51.104166666666664,
      51.541666666666664
    ]
  }
}