{
  "config": {
    "run_name": "exp1_3_L2_K64-128-256",
    "out_dir": "./results",
    "seed": 327315512,
    "device": null,
    "bs_train": 128,
    "bs_test": 32,
    "batches": 150,
    "epochs": 70,
    "early_stopping": 5,
    "checkpoints": null,
    "lr": 0.001,
    "reg": 0.001,
    "filters_per_layer": [
      64,
      128,
      256
    ],
    "pool_every": 4,
    "hidden_dims": [
      1000
    ],
    "model_type": "cnn",
    "pooling_params": {
      "kernel_size": 2
    },
    "conv_params": {
      "kernel_size": 3,
      "stride": 1,
      "padding": 1
    },
    "activation_type": "lrelu",
    "activation_params": {
      "negative_slope": 0.05
    },
    "pooling_type": "max",
    "kw": {},
    "layers_per_block": 2
  },
  "results": {
    "num_epochs": 38,
    "train_loss": [
      2.3025803565979004,
      2.302265167236328,
      2.3019230365753174,
      2.3014159202575684,
      2.300508499145508,
      2.298546314239502,
      2.292813301086426,
      2.2634806632995605,
      2.105531930923462,
      1.9865319728851318,
      1.9289153814315796,
      1.8656964302062988,
      1.7916654348373413,
      1.7339422702789307,
      1.688958764076233,
      1.6492458581924438,
      1.6113379001617432,
      1.5779716968536377,
      1.5464459657669067,
      1.5167038440704346,
      1.4863483905792236,
      1.4567039012908936,
      1.4281532764434814,
      1.3987817764282227,
      1.3682844638824463,
      1.3375990390777588,
      1.306096076965332,
      1.2746626138687134,
      1.2440745830535889,
      1.2133584022521973,
      1.1705920696258545,
      1.1119804382324219,
      1.0587671995162964,
      0.999890923500061,
      0.9459422826766968,
      0.9194176197052002,
      0.8597003221511841,
      0.7631885409355164
    ],
    "train_acc": [
      10.239583969116211,
      10.239583969116211,
      10.239583969116211,
      12.416666984558105,
      16.151042938232422,
      18.09375,
      17.45833396911621,
      17.25,
      24.97395896911621,
      27.78645896911621,
      30.296875,
      33.348960876464844,
      36.083335876464844,
      38.255210876464844,
      40.18229293823242,
      41.677085876464844,
      43.0625,
      44.1875,
      45.40104293823242,
      46.473960876464844,
      47.286460876464844,
      48.21354293823242,
      49.114585876464844,
      50.36979293823242,
      51.71354293823242,
      52.875,
      53.96354293823242,
      55.109375,
      56.25,
      57.364585876464844,
      58.96354293823242,
      61.09375,
      63.020835876464844,
      65.296875,
      67.27604675292969,
      68.05208587646484,
      70.40104675292969,
      73.953125
    ],
    "test_loss": [
      2.3025496006011963,
      2.3022279739379883,
      2.301804542541504,
      2.301124095916748,
      2.2998054027557373,
      2.296678066253662,
      2.285738945007324,
      2.2131524085998535,
      1.997589349746704,
      1.934919834136963,
      1.8756085634231567,
      1.811001181602478,
      1.7493879795074463,
      1.6962454319000244,
      1.6542351245880127,
      1.6290662288665771,
      1.6073663234710693,
      1.594826102256775,
      1.5788242816925049,
      1.5616453886032104,
      1.5457764863967896,
      1.5243375301361084,
      1.501528263092041,
      1.4780776500701904,
      1.457705020904541,
      1.4389065504074097,
      1.4351444244384766,
      1.4294097423553467,
      1.4266998767852783,
      1.4251927137374878,
      1.40727961063385,
      1.4159847497940063,
      1.4640846252441406,
      1.5479992628097534,
      1.6162173748016357,
      1.6614505052566528,
      1.582910180091858,
      1.730128526687622
    ],
    "test_acc": [
      9.895833333333334,
      9.895833333333334,
      9.895833333333334,
      14.083333333333334,
      18.166666666666668,
      19.083333333333332,
      16.916666666666668,
      22.083333333333332,
      27.145833333333332,
      30.0,
      32.729166666666664,
      34.708333333333336,
      37.833333333333336,
      40.0,
      41.666666666666664,
      42.875,
      43.020833333333336,
      43.5,
      44.166666666666664,
      44.770833333333336,
      45.604166666666664,
      46.708333333333336,
      47.5,
      48.083333333333336,
      49.229166666666664,
      50.0,
      50.208333333333336,
      50.895833333333336,
      51.0625,
      51.833333333333336,
      52.354166666666664,
      52.583333333333336,
      51.625,
      50.208333333333336,
      48.208333333333336,
      48.645833333333336,
      51.458333333333336
    ]
  }
}