{
  "config": {
    "run_name": "exp1_2_L8_K128",
    "out_dir": "./results",
    "seed": 34734432,
    "device": null,
    "bs_train": 128,
    "bs_test": 32,
    "batches": 150,
    "epochs": 70,
    "early_stopping": 5,
    "checkpoints": null,
    "lr": 0.001,
    "reg": 0.001,
    "filters_per_layer": [
      128
    ],
    "pool_every": 4,
    "hidden_dims": [
      1000
    ],
    "model_type": "cnn",
    "pooling_params": {
      "kernel_size": 2
    },
    "conv_params": {
      "kernel_size": 3,
      "stride": 1,
      "padding": 1
    },
    "activation_type": "lrelu",
    "activation_params": {
      "negative_slope": 0.05
    },
    "pooling_type": "max",
    "kw": {},
    "layers_per_block": 8
  },
  "results": {
    "num_epochs": 14,
    "train_loss": [
      2.3028805255889893,
      2.302732467651367,
      2.302638053894043,
      2.3025753498077393,
      2.3025333881378174,
      2.3025054931640625,
      2.3024864196777344,
      2.302474021911621,
      2.3024656772613525,
      2.302459239959717,
      2.302454948425293,
      2.3024520874023438,
      2.3024492263793945,
      2.30244779586792
    ],
    "train_acc": [
      9.598958969116211,
      9.947916984558105,
      10.098958969116211,
      10.098958969116211,
      10.098958969116211,
      10.098958969116211,
      9.807291984558105,
      9.78125,
      9.911458969116211,
      10.239583969116211,
      10.239583969116211,
      10.239583969116211,
      10.239583969116211,
      10.239583969116211
    ],
    "test_loss": [
      2.30277943611145,
      2.3026914596557617,
      2.3026375770568848,
      2.3026063442230225,
      2.3025879859924316,
      2.302577257156372,
      2.3025712966918945,
      2.3025691509246826,
      2.3025684356689453,
      2.302567958831787,
      2.302568197250366,
      2.3025689125061035,
      2.302570104598999,
      2.302570343017578
    ],
    "test_acc": [
      9.916666666666666,
      9.833333333333334,
      9.833333333333334,
      9.833333333333334,
      9.833333333333334,
      9.833333333333334,
      10.375,
      10.375,
      9.895833333333334,
      9.895833333333334,
      9.895833333333334,
      9.895833333333334,
      9.895833333333334
    ]
  }
}