{
  "config": {
    "run_name": "exp1_2_L2_K32",
    "out_dir": "./results",
    "seed": 1239268510,
    "device": null,
    "bs_train": 128,
    "bs_test": 32,
    "batches": 150,
    "epochs": 70,
    "early_stopping": 5,
    "checkpoints": null,
    "lr": 0.001,
    "reg": 0.001,
    "filters_per_layer": [
      32
    ],
    "pool_every": 4,
    "hidden_dims": [
      1000
    ],
    "model_type": "cnn",
    "pooling_params": {
      "kernel_size": 2
    },
    "conv_params": {
      "kernel_size": 3,
      "stride": 1,
      "padding": 1
    },
    "activation_type": "lrelu",
    "activation_params": {
      "negative_slope": 0.05
    },
    "pooling_type": "max",
    "kw": {},
    "layers_per_block": 2
  },
  "results": {
    "num_epochs": 38,
    "train_loss": [
      2.239530324935913,
      2.0072684288024902,
      1.8845280408859253,
      1.8207635879516602,
      1.7635422945022583,
      1.7088838815689087,
      1.6590235233306885,
      1.6149537563323975,
      1.576082468032837,
      1.542129635810852,
      1.5111697912216187,
      1.482584834098816,
      1.4557275772094727,
      1.4297093152999878,
      1.4046363830566406,
      1.3795603513717651,
      1.3540631532669067,
      1.329072117805481,
      1.3043487071990967,
      1.2787468433380127,
      1.2539843320846558,
      1.2292110919952393,
      1.2049528360366821,
      1.1799710988998413,
      1.1554534435272217,
      1.1304192543029785,
      1.104926347732544,
      1.0795270204544067,
      1.0540211200714111,
      1.0271741151809692,
      1.0017205476760864,
      0.9749677777290344,
      0.9474441409111023,
      0.9186729788780212,
      0.8887500762939453,
      0.8577103614807129,
      0.8271920084953308,
      0.7972413301467896
    ],
    "train_acc": [
      17.03645896911621,
      29.5,
      33.51041793823242,
      36.046875,
      38.01041793823242,
      39.880210876464844,
      41.614585876464844,
      43.145835876464844,
      44.567710876464844,
      45.880210876464844,
      46.96354293823242,
      47.890625,
      48.734375,
      49.68229293823242,
      50.53125,
      51.35416793823242,
      52.421875,
      53.359375,
      54.359375,
      55.333335876464844,
      56.18229293823242,
      57.09375,
      57.921875,
      58.90104293823242,
      59.91666793823242,
      60.677085876464844,
      61.46354293823242,
      62.395835876464844,
      63.520835876464844,
      64.45833587646484,
      65.47396087646484,
      66.58333587646484,
      67.60417175292969,
      68.66146087646484,
      69.97396087646484,
      71.23958587646484,
      72.30208587646484,
      73.484375
    ],
    "test_loss": [
      2.1231606006622314,
      1.9132992029190063,
      1.8398901224136353,
      1.7843656539916992,
      1.734028935432434,
      1.682535171508789,
      1.635432481765747,
      1.5984807014465332,
      1.568174123764038,
      1.5440475940704346,
      1.5230028629302979,
      1.5053333044052124,
      1.4891810417175293,
      1.473976731300354,
      1.4580780267715454,
      1.4445592164993286,
      1.4283000230789185,
      1.413291096687317,
      1.4011566638946533,
      1.386449933052063,
      1.3739538192749023,
      1.3639239072799683,
      1.3539890050888062,
      1.3463020324707031,
      1.3414312601089478,
      1.3353697061538696,
      1.3281077146530151,
      1.325573444366455,
      1.322104811668396,
      1.3182122707366943,
      1.3211346864700317,
      1.3213348388671875,
      1.3231682777404785,
      1.3311526775360107,
      1.3390933275222778,
      1.3502694368362427,
      1.3663592338562012,
      1.3827335834503174
    ],
    "test_acc": [
      22.6875,
      31.916666666666668,
      34.770833333333336,
      37.145833333333336,
      39.041666666666664,
      41.1875,
      42.729166666666664,
      44.104166666666664,
      44.770833333333336,
      45.708333333333336,
      46.75,
      47.416666666666664,
      48.125,
      48.645833333333336,
      49.333333333333336,
      49.9375,
      50.6875,
      51.145833333333336,
      51.854166666666664,
      52.416666666666664,
      52.666666666666664,
      53.229166666666664,
      53.479166666666664,
      53.666666666666664,
      53.791666666666664,
      53.770833333333336,
      54.145833333333336,
      54.645833333333336,
      54.666666666666664,
      54.770833333333336,
      54.979166666666664,
      55.291666666666664,
      55.145833333333336,
      54.9375,
      54.8125,
      54.895833333333336,
      54.520833333333336
    ]
  }
}