{
  "config": {
    "run_name": "exp1_1_L2_K32",
    "out_dir": "./results",
    "seed": 719249910,
    "device": null,
    "bs_train": 128,
    "bs_test": 32,
    "batches": 150,
    "epochs": 70,
    "early_stopping": 5,
    "checkpoints": null,
    "lr": 0.001,
    "reg": 0.001,
    "filters_per_layer": [
      32
    ],
    "pool_every": 4,
    "hidden_dims": [
      100,
      100
    ],
    "model_type": "cnn",
    "pooling_params": {
      "kernel_size": 2
    },
    "conv_params": {
      "kernel_size": 3,
      "stride": 1,
      "padding": 1
    },
    "activation_type": "lrelu",
    "activation_params": {
      "negative_slope": 0.05
    },
    "pooling_type": "max",
    "kw": {},
    "layers_per_block": 2
  },
  "results": {
    "num_epochs": 70,
    "train_loss": [
      2.2944564819335938,
      2.246614694595337,
      2.061304807662964,
      1.9395627975463867,
      1.8859639167785645,
      1.8415073156356812,
      1.7972221374511719,
      1.754853367805481,
      1.7147011756896973,
      1.6769211292266846,
      1.641176462173462,
      1.609134316444397,
      1.5812349319458008,
      1.5571621656417847,
      1.5369374752044678,
      1.5183273553848267,
      1.5004785060882568,
      1.484043836593628,
      1.4690479040145874,
      1.4547450542449951,
      1.4400542974472046,
      1.425379753112793,
      1.4113168716430664,
      1.3979406356811523,
      1.3841896057128906,
      1.3711073398590088,
      1.3577684164047241,
      1.3441067934036255,
      1.3298875093460083,
      1.3166958093643188,
      1.3036974668502808,
      1.2898186445236206,
      1.2765294313430786,
      1.2630459070205688,
      1.2490237951278687,
      1.234771966934204,
      1.2210043668746948,
      1.206831932067871,
      1.1910903453826904,
      1.177118182182312,
      1.1621404886245728,
      1.1475427150726318,
      1.1328232288360596,
      1.1191641092300415,
      1.1057361364364624,
      1.091442346572876,
      1.0759329795837402,
      1.0605943202972412,
      1.0457282066345215,
      1.030741572380066,
      1.0156711339950562,
      1.0004850625991821,
      0.9855339527130127,
      0.9702171087265015,
      0.9553723931312561,
      0.9379466772079468,
      0.9203596711158752,
      0.9028186798095703,
      0.8831465840339661,
      0.8629711866378784,
      0.8411694765090942,
      0.8192984461784363,
      0.7958992123603821,
      0.77300626039505,
      0.7503971457481384,
      0.7290242314338684,
      0.7059550881385803,
      0.6836927533149719,
      0.6616577506065369,
      0.6386306881904602
    ],
    "train_acc": [
      14.973958969116211,
      20.71875,
      26.635417938232422,
      30.45833396911621,
      33.083335876464844,
      34.598960876464844,
      36.41666793823242,
      37.578125,
      39.10416793823242,
      40.40104293823242,
      41.57291793823242,
      42.583335876464844,
      43.671875,
      44.59375,
      45.296875,
      45.989585876464844,
      46.59375,
      47.140625,
      47.63541793823242,
      48.255210876464844,
      48.90625,
      49.567710876464844,
      50.036460876464844,
      50.458335876464844,
      50.953125,
      51.395835876464844,
      51.90625,
      52.375,
      52.661460876464844,
      53.302085876464844,
      53.77604293823242,
      54.21875,
      54.90104293823242,
      55.265625,
      55.80729293823242,
      56.29166793823242,
      56.79166793823242,
      57.26041793823242,
      57.796875,
      58.38541793823242,
      58.97916793823242,
      59.55729293823242,
      59.97916793823242,
      60.395835876464844,
      60.958335876464844,
      61.453125,
      62.130210876464844,
      62.60416793823242,
      63.32291793823242,
      63.927085876464844,
      64.32292175292969,
      64.86458587646484,
      65.47917175292969,
      66.22917175292969,
      66.72917175292969,
      67.421875,
      68.16667175292969,
      68.74479675292969,
      69.421875,
      70.19271087646484,
      70.9375,
      71.94271087646484,
      72.796875,
      73.640625,
      74.69792175292969,
      75.47396087646484,
      76.28125,
      77.16146087646484,
      78.07292175292969,
      78.97917175292969
    ],
    "test_loss": [
      2.282201051712036,
      2.1774532794952393,
      1.975572109222412,
      1.8982970714569092,
      1.8524328470230103,
      1.8078253269195557,
      1.7641184329986572,
      1.7221351861953735,
      1.683946132659912,
      1.651672124862671,
      1.6217211484909058,
      1.60283362865448,
      1.580527901649475,
      1.5613148212432861,
      1.5469386577606201,
      1.534366250038147,
      1.5309092998504639,
      1.5183757543563843,
      1.5079960823059082,
      1.5001076459884644,
      1.4909186363220215,
      1.4816205501556396,
      1.4739292860031128,
      1.469571590423584,
      1.4621837139129639,
      1.456222653388977,
      1.4522351026535034,
      1.4480892419815063,
      1.4406204223632812,
      1.431574821472168,
      1.4252558946609497,
      1.4181736707687378,
      1.4116839170455933,
      1.4074724912643433,
      1.4001355171203613,
      1.3930920362472534,
      1.386694312095642,
      1.380678415298462,
      1.3753753900527954,
      1.3694921731948853,
      1.3654948472976685,
      1.363736867904663,
      1.3613044023513794,
      1.3571577072143555,
      1.3543466329574585,
      1.3512016534805298,
      1.3472169637680054,
      1.3463001251220703,
      1.3473414182662964,
      1.3446860313415527,
      1.3439053297042847,
      1.3443366289138794,
      1.3494232892990112,
      1.3488372564315796,
      1.3499555587768555,
      1.354358434677124,
      1.3646479845046997,
      1.37358558177948,
      1.379032015800476,
      1.384868860244751,
      1.3894550800323486,
      1.3952418565750122,
      1.4062868356704712,
      1.4155757427215576,
      1.4248456954956055,
      1.4368157386779785,
      1.450169324874878,
      1.461072325706482,
      1.4771150350570679,
      1.498529076576233
    ],
    "test_acc": [
      20.958333333333332,
      23.125,
      27.708333333333332,
      32.791666666666664,
      34.75,
      36.020833333333336,
      37.625,
      39.208333333333336,
      40.520833333333336,
      41.729166666666664,
      42.604166666666664,
      43.375,
      44.020833333333336,
      44.833333333333336,
      45.083333333333336,
      45.458333333333336,
      45.5625,
      45.604166666666664,
      46.291666666666664,
      46.541666666666664,
      46.833333333333336,
      47.479166666666664,
      47.625,
      48.0,
      48.458333333333336,
      48.875,
      49.208333333333336,
      49.458333333333336,
      49.833333333333336,
      50.291666666666664,
      50.395833333333336,
      50.791666666666664,
      51.0,
      50.9375,
      51.541666666666664,
      51.791666666666664,
      51.729166666666664,
      52.0,
      52.083333333333336,
      52.291666666666664,
      52.333333333333336,
      52.395833333333336,
      52.604166666666664,
      52.4375,
      52.666666666666664,
      52.6875,
      52.541666666666664,
      52.791666666666664,
      52.666666666666664,
      52.9375,
      52.791666666666664,
      52.958333333333336,
      53.041666666666664,
      53.208333333333336,
      53.145833333333336,
      53.104166666666664,
      53.333333333333336,
      53.395833333333336,
      53.520833333333336,
      53.395833333333336,
      53.729166666666664,
      53.875,
      53.8125,
      53.916666666666664,
      53.916666666666664,
      54.0625,
      54.083333333333336,
      54.104166666666664,
      54.020833333333336,
      54.0625
    ]
  }
}