{
  "config": {
    "run_name": "exp1_2_L2_K256",
    "out_dir": "./results",
    "seed": 865281111,
    "device": null,
    "bs_train": 128,
    "bs_test": 32,
    "batches": 150,
    "epochs": 70,
    "early_stopping": 5,
    "checkpoints": null,
    "lr": 0.001,
    "reg": 0.001,
    "filters_per_layer": [
      256
    ],
    "pool_every": 4,
    "hidden_dims": [
      100,
      100
    ],
    "model_type": "cnn",
    "pooling_params": {
      "kernel_size": 2
    },
    "conv_params": {
      "kernel_size": 3,
      "stride": 1,
      "padding": 1
    },
    "activation_type": "lrelu",
    "activation_params": {
      "negative_slope": 0.05
    },
    "pooling_type": "max",
    "kw": {},
    "layers_per_block": 2
  },
  "results": {
    "num_epochs": 50,
    "train_loss": [
      2.209017038345337,
      1.9668676853179932,
      1.882616400718689,
      1.8174306154251099,
      1.7534384727478027,
      1.6979151964187622,
      1.6513561010360718,
      1.611319661140442,
      1.5744584798812866,
      1.5408848524093628,
      1.5095754861831665,
      1.480779767036438,
      1.453157901763916,
      1.4255905151367188,
      1.398518681526184,
      1.3712716102600098,
      1.3446764945983887,
      1.3186028003692627,
      1.2915650606155396,
      1.2646901607513428,
      1.237273097038269,
      1.2103767395019531,
      1.1836282014846802,
      1.1581811904907227,
      1.1322689056396484,
      1.1066014766693115,
      1.082103967666626,
      1.0574787855148315,
      1.0324558019638062,
      1.0070180892944336,
      0.9822649359703064,
      0.9569711089134216,
      0.9315279126167297,
      0.9053723216056824,
      0.8793635964393616,
      0.857325553894043,
      0.8488097786903381,
      0.8305362462997437,
      0.7918376326560974,
      0.7541995048522949,
      0.7192400693893433,
      0.6860949397087097,
      0.6540781259536743,
      0.6235846281051636,
      0.5969070196151733,
      0.5774312615394592,
      0.5692731738090515,
      0.5552360415458679,
      0.546084463596344,
      0.5240121483802795
    ],
    "train_acc": [
      18.16145896911621,
      29.64583396911621,
      33.26041793823242,
      35.5625,
      38.02604293823242,
      39.859375,
      41.473960876464844,
      42.671875,
      43.96875,
      45.16666793823242,
      46.208335876464844,
      47.333335876464844,
      48.26041793823242,
      49.46354293823242,
      50.28125,
      51.30729293823242,
      52.380210876464844,
      53.473960876464844,
      54.40104293823242,
      55.265625,
      56.25,
      57.24479293823242,
      58.265625,
      59.22916793823242,
      60.192710876464844,
      60.96875,
      61.96875,
      62.671875,
      63.76041793823242,
      64.77083587646484,
      65.60417175292969,
      66.65625,
      67.546875,
      68.33333587646484,
      69.43229675292969,
      70.33333587646484,
      70.734375,
      71.42708587646484,
      73.16146087646484,
      74.53646087646484,
      75.890625,
      77.19271087646484,
      78.375,
      79.44271087646484,
      80.32292175292969,
      81.05208587646484,
      81.27083587646484,
      81.69271087646484,
      81.828125,
      82.69271087646484
    ],
    "test_loss": [
      2.0468595027923584,
      1.8919743299484253,
      1.840031385421753,
      1.7804527282714844,
      1.721541166305542,
      1.6611971855163574,
      1.6180630922317505,
      1.5852793455123901,
      1.5576140880584717,
      1.532824993133545,
      1.5123546123504639,
      1.4919682741165161,
      1.476412296295166,
      1.4551160335540771,
      1.4396843910217285,
      1.422190546989441,
      1.4038480520248413,
      1.3907859325408936,
      1.3705470561981201,
      1.3532490730285645,
      1.335539698600769,
      1.3230478763580322,
      1.315565586090088,
      1.3113985061645508,
      1.3076411485671997,
      1.2993887662887573,
      1.2947077751159668,
      1.2894926071166992,
      1.2882286310195923,
      1.284766674041748,
      1.2905508279800415,
      1.2868138551712036,
      1.287034511566162,
      1.2926589250564575,
      1.3021539449691772,
      1.3187713623046875,
      1.3237807750701904,
      1.3193042278289795,
      1.314988613128662,
      1.324523687362671,
      1.3353822231292725,
      1.3481041193008423,
      1.368795394897461,
      1.3825993537902832,
      1.4042673110961914,
      1.4285589456558228,
      1.4666849374771118,
      1.4282798767089844,
      1.5132132768630981,
      1.5041030645370483
    ],
    "test_acc": [
      25.770833333333332,
      32.645833333333336,
      33.854166666666664,
      36.375,
      38.791666666666664,
      40.833333333333336,
      42.458333333333336,
      43.583333333333336,
      44.708333333333336,
      45.645833333333336,
      46.166666666666664,
      46.5625,
      47.354166666666664,
      47.75,
      48.354166666666664,
      48.895833333333336,
      49.5625,
      49.916666666666664,
      50.8125,
      51.3125,
      52.0625,
      52.916666666666664,
      53.104166666666664,
      53.1875,
      53.6875,
      54.166666666666664,
      54.291666666666664,
      54.4375,
      54.583333333333336,
      55.020833333333336,
      54.9375,
      55.145833333333336,
      55.520833333333336,
      55.458333333333336,
      55.125,
      55.270833333333336,
      55.3125,
      55.395833333333336,
      55.645833333333336,
      55.770833333333336,
      56.104166666666664,
      56.020833333333336,
      55.895833333333336,
      56.125,
      55.9375,
      55.791666666666664,
      55.5,
      56.0,
      55.0
    ]
  }
}