{
  "config": {
    "run_name": "exp1_2_L2_K64",
    "out_dir": "./results",
    "seed": 644430605,
    "device": null,
    "bs_train": 128,
    "bs_test": 32,
    "batches": 150,
    "epochs": 70,
    "early_stopping": 5,
    "checkpoints": null,
    "lr": 0.001,
    "reg": 0.001,
    "filters_per_layer": [
      64
    ],
    "pool_every": 4,
    "hidden_dims": [
      1000
    ],
    "model_type": "cnn",
    "pooling_params": {
      "kernel_size": 2
    },
    "conv_params": {
      "kernel_size": 3,
      "stride": 1,
      "padding": 1
    },
    "activation_type": "lrelu",
    "activation_params": {
      "negative_slope": 0.05
    },
    "pooling_type": "max",
    "kw": {},
    "layers_per_block": 2
  },
  "results": {
    "num_epochs": 44,
    "train_loss": [
      2.212308168411255,
      1.9648793935775757,
      1.8628084659576416,
      1.7915565967559814,
      1.7257875204086304,
      1.6709564924240112,
      1.6252257823944092,
      1.5835883617401123,
      1.5464128255844116,
      1.5126755237579346,
      1.4818278551101685,
      1.4535094499588013,
      1.4269870519638062,
      1.4015952348709106,
      1.3764219284057617,
      1.351446270942688,
      1.3263033628463745,
      1.3010926246643066,
      1.2753992080688477,
      1.249314308166504,
      1.2233548164367676,
      1.196937918663025,
      1.1698355674743652,
      1.1426912546157837,
      1.114654541015625,
      1.0865930318832397,
      1.0574779510498047,
      1.0270744562149048,
      0.9965626001358032,
      0.9645942449569702,
      0.9318915009498596,
      0.8983882665634155,
      0.8633441925048828,
      0.8276141285896301,
      0.7909155488014221,
      0.753037691116333,
      0.715954601764679,
      0.6803659796714783,
      0.6468265652656555,
      0.6208081841468811,
      0.6062222719192505,
      0.6005176901817322,
      0.5570337772369385,
      0.5020079016685486
    ],
    "train_acc": [
      19.541667938232422,
      30.13020896911621,
      34.317710876464844,
      37.01041793823242,
      39.328125,
      41.359375,
      42.94791793823242,
      44.18229293823242,
      45.473960876464844,
      46.755210876464844,
      47.817710876464844,
      48.65104293823242,
      49.65104293823242,
      50.5625,
      51.552085876464844,
      52.44791793823242,
      53.40104293823242,
      54.427085876464844,
      55.390625,
      56.4375,
      57.46354293823242,
      58.52604293823242,
      59.536460876464844,
      60.41666793823242,
      61.359375,
      62.35416793823242,
      63.46875,
      64.58333587646484,
      65.67708587646484,
      66.875,
      68.375,
      69.63542175292969,
      71.13021087646484,
      72.546875,
      73.79167175292969,
      75.17708587646484,
      76.72917175292969,
      78.046875,
      79.328125,
      80.40104675292969,
      80.65625,
      80.6875,
      82.55208587646484,
      84.78125
    ],
    "test_loss": [
      2.071223735809326,
      1.8913620710372925,
      1.8165606260299683,
      1.7536108493804932,
      1.6911845207214355,
      1.6431200504302979,
      1.6052714586257935,
      1.5742014646530151,
      1.5486643314361572,
      1.5261858701705933,
      1.5069643259048462,
      1.4872063398361206,
      1.4711508750915527,
      1.4544047117233276,
      1.4393651485443115,
      1.424236536026001,
      1.408573865890503,
      1.3947323560714722,
      1.3796629905700684,
      1.3654168844223022,
      1.3549635410308838,
      1.3426588773727417,
      1.3327277898788452,
      1.3224912881851196,
      1.3132342100143433,
      1.3046482801437378,
      1.2970459461212158,
      1.291304349899292,
      1.2889432907104492,
      1.289180040359497,
      1.2902534008026123,
      1.2916761636734009,
      1.2985388040542603,
      1.3086469173431396,
      1.3190391063690186,
      1.334295392036438,
      1.3519684076309204,
      1.36587393283844,
      1.3911725282669067,
      1.413143277168274,
      1.416441559791565,
      1.4530248641967773,
      1.4674351215362549,
      1.4814783334732056
    ],
    "test_acc": [
      23.0,
      32.854166666666664,
      36.0,
      38.25,
      40.395833333333336,
      42.1875,
      43.458333333333336,
      44.208333333333336,
      45.229166666666664,
      45.875,
      46.6875,
      47.395833333333336,
      48.375,
      48.875,
      49.604166666666664,
      50.25,
      50.604166666666664,
      51.291666666666664,
      52.166666666666664,
      52.854166666666664,
      53.333333333333336,
      53.833333333333336,
      54.25,
      54.875,
      55.125,
      55.458333333333336,
      55.666666666666664,
      56.166666666666664,
      56.083333333333336,
      56.166666666666664,
      56.104166666666664,
      56.125,
      56.25,
      56.354166666666664,
      56.395833333333336,
      56.479166666666664,
      56.479166666666664,
      56.583333333333336,
      56.25,
      56.1875,
      56.166666666666664,
      54.979166666666664,
      55.291666666666664
    ]
  }
}