{
  "config": {
    "run_name": "exp1_1_L4_K32",
    "out_dir": "./results",
    "seed": 508671182,
    "device": null,
    "bs_train": 128,
    "bs_test": 32,
    "batches": 150,
    "epochs": 70,
    "early_stopping": 5,
    "checkpoints": null,
    "lr": 0.001,
    "reg": 0.001,
    "filters_per_layer": [
      32
    ],
    "pool_every": 4,
    "hidden_dims": [
      100,
      100
    ],
    "model_type": "cnn",
    "pooling_params": {
      "kernel_size": 2
    },
    "conv_params": {
      "kernel_size": 3,
      "stride": 1,
      "padding": 1
    },
    "activation_type": "lrelu",
    "activation_params": {
      "negative_slope": 0.05
    },
    "pooling_type": "max",
    "kw": {},
    "layers_per_block": 4
  },
  "results": {
    "num_epochs": 70,
    "train_loss": [
      2.3043346405029297,
      2.303530693054199,
      2.303011417388916,
      2.3026044368743896,
      2.3022377490997314,
      2.301862955093384,
      2.301414728164673,
      2.3008170127868652,
      2.299931764602661,
      2.2985310554504395,
      2.2961695194244385,
      2.291518211364746,
      2.276378870010376,
      2.1992597579956055,
      2.1142587661743164,
      2.056577444076538,
      2.012124538421631,
      1.9649336338043213,
      1.9107303619384766,
      1.8435375690460205,
      1.7944942712783813,
      1.7592887878417969,
      1.730473279953003,
      1.7034014463424683,
      1.6764706373214722,
      1.653725028038025,
      1.6271369457244873,
      1.6055324077606201,
      1.5841469764709473,
      1.5660206079483032,
      1.5486432313919067,
      1.5330862998962402,
      1.5152332782745361,
      1.4999295473098755,
      1.4842067956924438,
      1.4692432880401611,
      1.4518579244613647,
      1.4364519119262695,
      1.421523928642273,
      1.4046543836593628,
      1.3888139724731445,
      1.371556043624878,
      1.356597900390625,
      1.33985435962677,
      1.3263462781906128,
      1.3107829093933105,
      1.297920823097229,
      1.2816303968429565,
      1.264378547668457,
      1.2465969324111938,
      1.2297712564468384,
      1.2114973068237305,
      1.1921241283416748,
      1.1776716709136963,
      1.1612215042114258,
      1.1416630744934082,
      1.1249905824661255,
      1.1022329330444336,
      1.0838325023651123,
      1.0637532472610474,
      1.0434056520462036,
      1.0283217430114746,
      1.0186891555786133,
      1.0057079792022705,
      0.9872033596038818,
      0.9594058394432068,
      0.9279181957244873,
      0.9029186964035034,
      0.8840316534042358,
      0.862076997756958
    ],
    "train_acc": [
      10.098958969116211,
      10.098958969116211,
      10.098958969116211,
      10.098958969116211,
      10.098958969116211,
      10.098958969116211,
      10.28125,
      11.572916984558105,
      12.291666984558105,
      11.953125,
      12.484375,
      14.838541984558105,
      16.796875,
      19.8125,
      23.338542938232422,
      26.02083396911621,
      28.28125,
      30.08333396911621,
      32.411460876464844,
      34.63541793823242,
      36.114585876464844,
      37.223960876464844,
      38.38541793823242,
      39.578125,
      40.286460876464844,
      40.942710876464844,
      42.02604293823242,
      42.770835876464844,
      43.598960876464844,
      44.3125,
      44.739585876464844,
      45.427085876464844,
      45.96875,
      46.661460876464844,
      47.203125,
      47.708335876464844,
      48.43229293823242,
      49.171875,
      49.645835876464844,
      50.286460876464844,
      50.63541793823242,
      51.40625,
      51.875,
      52.47916793823242,
      53.015625,
      53.677085876464844,
      54.177085876464844,
      54.5625,
      55.130210876464844,
      55.765625,
      56.411460876464844,
      57.05729293823242,
      57.578125,
      57.9375,
      58.65104293823242,
      59.380210876464844,
      60.114585876464844,
      60.86979293823242,
      61.614585876464844,
      62.3125,
      63.08854293823242,
      63.484375,
      63.85416793823242,
      64.33333587646484,
      65.07292175292969,
      66.19271087646484,
      67.30729675292969,
      68.4375,
      69.234375,
      69.96875
    ],
    "test_loss": [
      2.303727865219116,
      2.303168773651123,
      2.302764654159546,
      2.30241322517395,
      2.302082061767578,
      2.3017003536224365,
      2.3012032508850098,
      2.3005077838897705,
      2.2994236946105957,
      2.297657012939453,
      2.294506788253784,
      2.2873785495758057,
      2.2547082901000977,
      2.1430323123931885,
      2.0730507373809814,
      2.0331621170043945,
      1.9798296689987183,
      1.9263449907302856,
      1.860923409461975,
      1.8066542148590088,
      1.7710174322128296,
      1.7407816648483276,
      1.726688027381897,
      1.7051587104797363,
      1.6904069185256958,
      1.6758015155792236,
      1.6488093137741089,
      1.6269135475158691,
      1.6147913932800293,
      1.5954773426055908,
      1.584438443183899,
      1.5746991634368896,
      1.5620414018630981,
      1.5524152517318726,
      1.5394374132156372,
      1.5240625143051147,
      1.520417332649231,
      1.5132331848144531,
      1.500580072402954,
      1.5006405115127563,
      1.4983549118041992,
      1.4917006492614746,
      1.4840993881225586,
      1.4737223386764526,
      1.4667350053787231,
      1.4580482244491577,
      1.4471824169158936,
      1.4485177993774414,
      1.4506975412368774,
      1.4521441459655762,
      1.4479434490203857,
      1.4482983350753784,
      1.4473180770874023,
      1.4418244361877441,
      1.4449654817581177,
      1.4469116926193237,
      1.4423270225524902,
      1.4405001401901245,
      1.4409701824188232,
      1.4453372955322266,
      1.4488171339035034,
      1.454622745513916,
      1.454188585281372,
      1.4543280601501465,
      1.4615980386734009,
      1.4767872095108032,
      1.4786765575408936,
      1.493645191192627,
      1.502647876739502,
      1.5081658363342285
    ],
    "test_acc": [
      10.1875,
      10.1875,
      10.1875,
      10.1875,
      10.1875,
      10.1875,
      11.020833333333334,
      12.8125,
      12.5625,
      12.75,
      13.5,
      16.541666666666668,
      19.104166666666668,
      20.375,
      24.916666666666668,
      26.25,
      28.625,
      31.166666666666668,
      34.5,
      36.125,
      37.333333333333336,
      38.458333333333336,
      39.208333333333336,
      40.5,
      40.541666666666664,
      41.333333333333336,
      42.6875,
      43.4375,
      43.708333333333336,
      44.5,
      44.979166666666664,
      45.416666666666664,
      45.604166666666664,
      46.0,
      46.395833333333336,
      46.875,
      46.729166666666664,
      47.104166666666664,
      47.270833333333336,
      47.729166666666664,
      47.395833333333336,
      47.729166666666664,
      47.666666666666664,
      48.520833333333336,
      48.895833333333336,
      49.104166666666664,
      49.1875,
      49.3125,
      49.4375,
      49.604166666666664,
      49.791666666666664,
      49.625,
      50.1875,
      50.3125,
      50.3125,
      50.354166666666664,
      50.458333333333336,
      50.854166666666664,
      51.020833333333336,
      50.958333333333336,
      50.666666666666664,
      50.979166666666664,
      51.041666666666664,
      51.333333333333336,
      51.125,
      51.020833333333336,
      51.416666666666664,
      51.083333333333336,
      50.75,
      51.229166666666664
    ]
  }
}