{
  "config": {
    "run_name": "exp1_2_L4_K32",
    "out_dir": "./results",
    "seed": 1137522282,
    "device": null,
    "bs_train": 128,
    "bs_test": 32,
    "batches": 150,
    "epochs": 70,
    "early_stopping": 5,
    "checkpoints": null,
    "lr": 0.001,
    "reg": 0.001,
    "filters_per_layer": [
      32
    ],
    "pool_every": 4,
    "hidden_dims": [
      100,
      100
    ],
    "model_type": "cnn",
    "pooling_params": {
      "kernel_size": 2
    },
    "conv_params": {
      "kernel_size": 3,
      "stride": 1,
      "padding": 1
    },
    "activation_type": "lrelu",
    "activation_params": {
      "negative_slope": 0.05
    },
    "pooling_type": "max",
    "kw": {},
    "layers_per_block": 4
  },
  "results": {
    "num_epochs": 70,
    "train_loss": [
      2.304631471633911,
      2.30381441116333,
      2.3032898902893066,
      2.3029444217681885,
      2.302704334259033,
      2.3025319576263428,
      2.3023993968963623,
      2.3022849559783936,
      2.3021764755249023,
      2.3020646572113037,
      2.3019399642944336,
      2.301787853240967,
      2.3015730381011963,
      2.3012924194335938,
      2.300910234451294,
      2.300370216369629,
      2.2995383739471436,
      2.2982163429260254,
      2.2959208488464355,
      2.291222095489502,
      2.2795333862304688,
      2.2374842166900635,
      2.1005849838256836,
      2.0165188312530518,
      1.974065899848938,
      1.9411448240280151,
      1.9114998579025269,
      1.8807125091552734,
      1.8438596725463867,
      1.7962042093276978,
      1.7534807920455933,
      1.7186503410339355,
      1.6876994371414185,
      1.6608731746673584,
      1.63646399974823,
      1.6143795251846313,
      1.5945439338684082,
      1.5760430097579956,
      1.5581064224243164,
      1.541113018989563,
      1.5246142148971558,
      1.5093872547149658,
      1.494826316833496,
      1.479931354522705,
      1.4647537469863892,
      1.4503196477890015,
      1.4362916946411133,
      1.4210880994796753,
      1.407183051109314,
      1.3937668800354004,
      1.3793632984161377,
      1.3633931875228882,
      1.3495653867721558,
      1.3355976343154907,
      1.3214502334594727,
      1.3066036701202393,
      1.2903660535812378,
      1.2755337953567505,
      1.2617526054382324,
      1.2474840879440308,
      1.2323917150497437,
      1.2204020023345947,
      1.2004599571228027,
      1.1838157176971436,
      1.1679660081863403,
      1.1478577852249146,
      1.1264824867248535,
      1.106970191001892,
      1.0894646644592285,
      1.0671167373657227
    ],
    "train_acc": [
      9.614583969116211,
      9.484375,
      9.796875,
      10.036458969116211,
      10.03125,
      9.8125,
      9.744791984558105,
      10.192708969116211,
      10.192708969116211,
      10.192708969116211,
      10.317708969116211,
      10.854166984558105,
      11.609375,
      11.151041984558105,
      10.96875,
      12.041666984558105,
      13.770833969116211,
      15.286458969116211,
      17.25,
      18.234375,
      18.28125,
      19.19270896911621,
      21.421875,
      25.776042938232422,
      27.447917938232422,
      28.75,
      30.072917938232422,
      31.91145896911621,
      33.859375,
      35.505210876464844,
      37.161460876464844,
      38.458335876464844,
      39.51041793823242,
      40.515625,
      41.411460876464844,
      42.46354293823242,
      42.848960876464844,
      43.57291793823242,
      44.21354293823242,
      44.895835876464844,
      45.49479293823242,
      45.94791793823242,
      46.60416793823242,
      47.203125,
      47.661460876464844,
      48.177085876464844,
      48.802085876464844,
      49.21875,
      49.614585876464844,
      50.28125,
      50.817710876464844,
      51.5,
      51.94791793823242,
      52.640625,
      53.114585876464844,
      53.40104293823242,
      54.05729293823242,
      54.546875,
      55.27604293823242,
      55.786460876464844,
      56.328125,
      56.598960876464844,
      57.29166793823242,
      57.66666793823242,
      58.359375,
      59.046875,
      59.828125,
      60.8125,
      61.3125,
      62.22916793823242
    ],
    "test_loss": [
      2.3044161796569824,
      2.303744077682495,
      2.3033058643341064,
      2.303006887435913,
      2.3027918338775635,
      2.3026340007781982,
      2.302504062652588,
      2.302389144897461,
      2.302274703979492,
      2.302154541015625,
      2.302016496658325,
      2.3018391132354736,
      2.3015878200531006,
      2.3012664318084717,
      2.300819158554077,
      2.3001673221588135,
      2.2991347312927246,
      2.2974796295166016,
      2.294356346130371,
      2.2873666286468506,
      2.2687134742736816,
      2.18196964263916,
      2.0443928241729736,
      1.9863946437835693,
      1.9463305473327637,
      1.9177703857421875,
      1.8911077976226807,
      1.8551244735717773,
      1.8074605464935303,
      1.759480357170105,
      1.7206872701644897,
      1.694570541381836,
      1.6677457094192505,
      1.6465493440628052,
      1.629724383354187,
      1.6206128597259521,
      1.6025465726852417,
      1.585769534111023,
      1.5761693716049194,
      1.5603259801864624,
      1.5541080236434937,
      1.5405504703521729,
      1.5311996936798096,
      1.5272184610366821,
      1.5206290483474731,
      1.5160112380981445,
      1.505263328552246,
      1.495879054069519,
      1.4976353645324707,
      1.4858553409576416,
      1.4773586988449097,
      1.464367151260376,
      1.4603286981582642,
      1.457899570465088,
      1.4544999599456787,
      1.4505071640014648,
      1.4455441236495972,
      1.441912055015564,
      1.4427673816680908,
      1.4493848085403442,
      1.4416732788085938,
      1.441599726676941,
      1.443535327911377,
      1.4428530931472778,
      1.4382953643798828,
      1.4352308511734009,
      1.4367493391036987,
      1.4374628067016602,
      1.4289755821228027,
      1.4338810443878174
    ],
    "test_acc": [
      9.625,
      8.125,
      10.291666666666666,
      10.291666666666666,
      10.291666666666666,
      10.375,
      10.375,
      10.375,
      10.375,
      10.375,
      10.375,
      10.625,
      12.416666666666666,
      11.75,
      11.375,
      12.541666666666666,
      14.104166666666666,
      16.333333333333332,
      18.541666666666668,
      17.3125,
      18.5,
      19.0,
      25.333333333333332,
      27.791666666666668,
      29.0625,
      30.229166666666668,
      31.5625,
      33.8125,
      35.479166666666664,
      36.875,
      38.75,
      39.416666666666664,
      40.895833333333336,
      41.666666666666664,
      42.458333333333336,
      43.0,
      43.666666666666664,
      44.0625,
      44.583333333333336,
      45.0625,
      45.520833333333336,
      45.895833333333336,
      46.3125,
      46.458333333333336,
      47.395833333333336,
      47.041666666666664,
      47.479166666666664,
      48.25,
      48.166666666666664,
      48.395833333333336,
      48.833333333333336,
      49.125,
      49.770833333333336,
      49.291666666666664,
      49.770833333333336,
      49.458333333333336,
      49.875,
      50.25,
      49.791666666666664,
      49.854166666666664,
      50.333333333333336,
      50.6875,
      50.6875,
      50.875,
      51.125,
      51.291666666666664,
      51.270833333333336,
      51.666666666666664,
      52.166666666666664,
      52.6875
    ]
  }
}