{
  "config": {
    "run_name": "exp1_3_L2_K64-128-256",
    "out_dir": "./results",
    "seed": 876623057,
    "device": null,
    "bs_train": 128,
    "bs_test": 32,
    "batches": 150,
    "epochs": 70,
    "early_stopping": 5,
    "checkpoints": null,
    "lr": 0.001,
    "reg": 0.001,
    "filters_per_layer": [
      64,
      128,
      256
    ],
    "pool_every": 4,
    "hidden_dims": [
      100,
      100
    ],
    "model_type": "cnn",
    "pooling_params": {
      "kernel_size": 2
    },
    "conv_params": {
      "kernel_size": 3,
      "stride": 1,
      "padding": 1
    },
    "activation_type": "lrelu",
    "activation_params": {
      "negative_slope": 0.05
    },
    "pooling_type": "max",
    "kw": {},
    "layers_per_block": 2
  },
  "results": {
    "num_epochs": 58,
    "train_loss": [
      2.3033134937286377,
      2.3029890060424805,
      2.302772045135498,
      2.3026199340820312,
      2.302506446838379,
      2.3024160861968994,
      2.3023366928100586,
      2.3022620677948,
      2.302182197570801,
      2.302086114883423,
      2.3019628524780273,
      2.301795721054077,
      2.3015518188476562,
      2.3011600971221924,
      2.300499200820923,
      2.299290895462036,
      2.296910524368286,
      2.2918009757995605,
      2.274522304534912,
      2.1963682174682617,
      2.0511271953582764,
      1.9843851327896118,
      1.936255693435669,
      1.8962410688400269,
      1.8489776849746704,
      1.7915854454040527,
      1.7419090270996094,
      1.7083005905151367,
      1.6780649423599243,
      1.6489858627319336,
      1.6242561340332031,
      1.599695086479187,
      1.5762182474136353,
      1.5568403005599976,
      1.5369988679885864,
      1.5166553258895874,
      1.495465636253357,
      1.4782280921936035,
      1.455327033996582,
      1.4372230768203735,
      1.4206054210662842,
      1.4000787734985352,
      1.3794747591018677,
      1.3587868213653564,
      1.3380327224731445,
      1.3145172595977783,
      1.2931283712387085,
      1.2695293426513672,
      1.2479678392410278,
      1.2302062511444092,
      1.2084121704101562,
      1.1804986000061035,
      1.1497734785079956,
      1.1288034915924072,
      1.1118462085723877,
      1.093226671218872,
      1.058875560760498,
      1.0187431573867798
    ],
    "train_acc": [
      9.791666984558105,
      9.911458969116211,
      10.239583969116211,
      10.192708969116211,
      10.192708969116211,
      10.192708969116211,
      10.192708969116211,
      10.192708969116211,
      10.192708969116211,
      10.192708969116211,
      10.192708969116211,
      10.192708969116211,
      10.489583969116211,
      11.739583969116211,
      16.53125,
      18.307292938232422,
      16.59895896911621,
      15.53125,
      15.348958969116211,
      19.86458396911621,
      25.50520896911621,
      27.838542938232422,
      29.8125,
      31.260417938232422,
      33.47916793823242,
      35.583335876464844,
      37.46875,
      38.96354293823242,
      40.34375,
      41.114585876464844,
      42.005210876464844,
      42.94791793823242,
      43.609375,
      44.421875,
      45.21875,
      45.93229293823242,
      46.765625,
      47.44791793823242,
      48.317710876464844,
      48.953125,
      49.65104293823242,
      50.21875,
      51.05729293823242,
      51.942710876464844,
      52.505210876464844,
      53.348960876464844,
      54.32291793823242,
      55.140625,
      55.921875,
      56.442710876464844,
      57.453125,
      58.364585876464844,
      59.473960876464844,
      60.3125,
      60.880210876464844,
      61.3125,
      62.65104293823242,
      64.03646087646484
    ],
    "test_loss": [
      2.3026926517486572,
      2.3025314807891846,
      2.3024370670318604,
      2.302375078201294,
      2.3023297786712646,
      2.3022916316986084,
      2.302253007888794,
      2.30220627784729,
      2.3021435737609863,
      2.302053928375244,
      2.3019256591796875,
      2.3017358779907227,
      2.3014352321624756,
      2.3009276390075684,
      2.3000693321228027,
      2.298337459564209,
      2.295016050338745,
      2.286698341369629,
      2.2521114349365234,
      2.1162285804748535,
      1.9835222959518433,
      1.9305543899536133,
      1.888813853263855,
      1.8415683507919312,
      1.7915771007537842,
      1.7492378950119019,
      1.7097159624099731,
      1.6855388879776,
      1.6675212383270264,
      1.6543779373168945,
      1.6486186981201172,
      1.6272724866867065,
      1.594882607460022,
      1.5842442512512207,
      1.5840264558792114,
      1.5718647241592407,
      1.5489484071731567,
      1.5291582345962524,
      1.5122674703598022,
      1.5127888917922974,
      1.4966216087341309,
      1.4832799434661865,
      1.4723008871078491,
      1.4477119445800781,
      1.430505633354187,
      1.4094444513320923,
      1.403727412223816,
      1.404187560081482,
      1.4005773067474365,
      1.3917486667633057,
      1.3951843976974487,
      1.4028401374816895,
      1.4261027574539185,
      1.4604448080062866,
      1.458964467048645,
      1.458141803741455,
      1.4959452152252197,
      1.5093262195587158
    ],
    "test_acc": [
      10.25,
      10.375,
      10.375,
      10.375,
      10.375,
      10.375,
      10.375,
      10.375,
      10.375,
      10.375,
      10.375,
      10.375,
      10.458333333333334,
      12.0625,
      19.125,
      18.916666666666668,
      15.708333333333334,
      15.9375,
      16.604166666666668,
      23.708333333333332,
      27.979166666666668,
      29.645833333333332,
      31.229166666666668,
      34.791666666666664,
      35.1875,
      37.395833333333336,
      38.791666666666664,
      39.8125,
      40.708333333333336,
      41.145833333333336,
      42.041666666666664,
      42.958333333333336,
      44.208333333333336,
      44.3125,
      44.541666666666664,
      45.3125,
      45.854166666666664,
      46.583333333333336,
      46.833333333333336,
      46.770833333333336,
      47.333333333333336,
      47.895833333333336,
      48.229166666666664,
      49.354166666666664,
      50.020833333333336,
      50.833333333333336,
      51.125,
      51.270833333333336,
      51.6875,
      51.770833333333336,
      52.0,
      52.0,
      51.541666666666664,
      51.0,
      51.145833333333336,
      51.5625,
      50.854166666666664
    ]
  }
}