{
  "config": {
    "run_name": "exp2_1_L6_K64",
    "out_dir": "./results",
    "seed": 1990228428,
    "device": null,
    "bs_train": 128,
    "bs_test": 32,
    "batches": 150,
    "epochs": 70,
    "early_stopping": 5,
    "checkpoints": null,
    "lr": 0.001,
    "reg": 0.001,
    "filters_per_layer": [
      64
    ],
    "pool_every": 4,
    "hidden_dims": [
      1000
    ],
    "model_type": "ycn",
    "pooling_params": {
      "kernel_size": 2
    },
    "conv_params": {
      "kernel_size": 3,
      "stride": 1,
      "padding": 1
    },
    "activation_type": "lrelu",
    "activation_params": {
      "negative_slope": 0.05
    },
    "pooling_type": "max",
    "kw": {},
    "layers_per_block": 6
  },
  "results": {
    "num_epochs": 42,
    "train_loss": [
      2.173076868057251,
      1.8638579845428467,
      1.685772180557251,
      1.5853004455566406,
      1.5125964879989624,
      1.4517825841903687,
      1.3964780569076538,
      1.348232626914978,
      1.307225227355957,
      1.269628643989563,
      1.2320762872695923,
      1.196528673171997,
      1.1650077104568481,
      1.131962776184082,
      1.0971752405166626,
      1.0665909051895142,
      1.0354483127593994,
      1.0070220232009888,
      0.9737970232963562,
      0.9403557181358337,
      0.9076234698295593,
      0.8818579912185669,
      0.8458987474441528,
      0.8125661015510559,
      0.7898653149604797,
      0.7534587383270264,
      0.7218651175498962,
      0.6903358101844788,
      0.6593459844589233,
      0.6249776482582092,
      0.5943318009376526,
      0.5670695900917053,
      0.5287736654281616,
      0.49524199962615967,
      0.4670839011669159,
      0.4338705837726593,
      0.4054598808288574,
      0.3773345649242401,
      0.354635626077652,
      0.32550954818725586,
      0.2915934920310974,
      0.27632957696914673
    ],
    "train_acc": [
      20.760417938232422,
      34.43229293823242,
      39.927085876464844,
      43.75,
      46.08854293823242,
      48.171875,
      50.286460876464844,
      51.828125,
      53.1875,
      55.145835876464844,
      56.317710876464844,
      57.60416793823242,
      58.921875,
      59.927085876464844,
      61.55729293823242,
      62.161460876464844,
      63.505210876464844,
      64.73958587646484,
      65.890625,
      67.60417175292969,
      68.22396087646484,
      69.25521087646484,
      70.55729675292969,
      72.00521087646484,
      72.78646087646484,
      74.29167175292969,
      75.47917175292969,
      76.57292175292969,
      78.11458587646484,
      78.84375,
      80.46354675292969,
      81.25521087646484,
      82.75,
      84.0625,
      85.36979675292969,
      86.57292175292969,
      87.53646087646484,
      88.54167175292969,
      89.203125,
      90.34375,
      91.88542175292969,
      92.546875
    ],
    "test_loss": [
      1.9833111763000488,
      1.7693418264389038,
      1.6334242820739746,
      1.5391745567321777,
      1.4600433111190796,
      1.4100810289382935,
      1.3641045093536377,
      1.331764817237854,
      1.2809350490570068,
      1.28014075756073,
      1.2321161031723022,
      1.2411513328552246,
      1.2289648056030273,
      1.1772714853286743,
      1.1703143119812012,
      1.156474232673645,
      1.1251769065856934,
      1.1019697189331055,
      1.0850862264633179,
      1.0768299102783203,
      1.0595319271087646,
      1.058053970336914,
      1.0386853218078613,
      1.0371015071868896,
      1.0340330600738525,
      1.0278609991073608,
      1.0198570489883423,
      1.020261526107788,
      1.0211670398712158,
      1.0436161756515503,
      1.015713095664978,
      1.0350593328475952,
      1.0393413305282593,
      1.0323575735092163,
      1.0857830047607422,
      1.059700846672058,
      1.0780121088027954,
      1.1006355285644531,
      1.0838539600372314,
      1.113850712776184,
      1.1247007846832275,
      1.171743631362915
    ],
    "test_acc": [
      28.625,
      36.041666666666664,
      41.0,
      44.729166666666664,
      47.208333333333336,
      49.6875,
      51.145833333333336,
      53.354166666666664,
      54.666666666666664,
      54.145833333333336,
      55.875,
      56.041666666666664,
      56.020833333333336,
      58.395833333333336,
      58.5625,
      59.645833333333336,
      60.333333333333336,
      61.416666666666664,
      62.0625,
      62.333333333333336,
      63.145833333333336,
      63.0,
      63.895833333333336,
      63.583333333333336,
      63.625,
      64.08333333333333,
      64.89583333333333,
      65.16666666666667,
      65.20833333333333,
      64.5625,
      65.66666666666667,
      65.25,
      65.45833333333333,
      65.64583333333333,
      64.8125,
      66.02083333333333,
      65.5625,
      65.83333333333333,
      65.89583333333333,
      65.6875,
      65.95833333333333
    ]
  }
}