{
  "config": {
    "run_name": "exp2_1_L12_K32",
    "out_dir": "./results",
    "seed": 1354384840,
    "device": null,
    "bs_train": 128,
    "bs_test": 32,
    "batches": 150,
    "epochs": 70,
    "early_stopping": 5,
    "checkpoints": null,
    "lr": 0.001,
    "reg": 0.001,
    "filters_per_layer": [
      32
    ],
    "pool_every": 4,
    "hidden_dims": [
      1000
    ],
    "model_type": "ycn",
    "pooling_params": {
      "kernel_size": 2
    },
    "conv_params": {
      "kernel_size": 3,
      "stride": 1,
      "padding": 1
    },
    "activation_type": "lrelu",
    "activation_params": {
      "negative_slope": 0.05
    },
    "pooling_type": "max",
    "kw": {},
    "layers_per_block": 12
  },
  "results": {
    "num_epochs": 70,
    "train_loss": [
      2.290254831314087,
      2.2070939540863037,
      2.1090269088745117,
      2.0446174144744873,
      1.9749557971954346,
      1.9184106588363647,
      1.8671224117279053,
      1.8355177640914917,
      1.7957478761672974,
      1.7673923969268799,
      1.7436529397964478,
      1.713240146636963,
      1.688963532447815,
      1.6636015176773071,
      1.6458371877670288,
      1.623110055923462,
      1.5901812314987183,
      1.5741914510726929,
      1.5502957105636597,
      1.529465913772583,
      1.5063503980636597,
      1.477295994758606,
      1.4592149257659912,
      1.443007469177246,
      1.4186668395996094,
      1.4046080112457275,
      1.3886744976043701,
      1.3598911762237549,
      1.3528852462768555,
      1.3281683921813965,
      1.3167799711227417,
      1.3051987886428833,
      1.2839226722717285,
      1.2693253755569458,
      1.2569576501846313,
      1.2403491735458374,
      1.223784327507019,
      1.2219016551971436,
      1.2062097787857056,
      1.196654200553894,
      1.1887917518615723,
      1.1809922456741333,
      1.1669228076934814,
      1.1524266004562378,
      1.1484880447387695,
      1.1389844417572021,
      1.126808524131775,
      1.1216579675674438,
      1.107784390449524,
      1.1069412231445312,
      1.102120280265808,
      1.081715703010559,
      1.0816818475723267,
      1.0695204734802246,
      1.0618433952331543,
      1.053257942199707,
      1.0531973838806152,
      1.0435352325439453,
      1.0299266576766968,
      1.024781346321106,
      1.0260348320007324,
      1.008143424987793,
      1.0078448057174683,
      0.9984007477760315,
      0.9904592633247375,
      0.9958980083465576,
      0.9852657318115234,
      0.9787601828575134,
      0.9673519730567932,
      0.9691837430000305
    ],
    "train_acc": [
      11.354166984558105,
      17.5625,
      19.703125,
      21.197917938232422,
      23.58333396911621,
      26.151042938232422,
      27.932292938232422,
      29.041667938232422,
      30.447917938232422,
      32.25,
      33.21875,
      34.583335876464844,
      35.645835876464844,
      36.817710876464844,
      38.05729293823242,
      38.921875,
      40.05729293823242,
      41.38541793823242,
      41.97916793823242,
      43.51041793823242,
      44.005210876464844,
      45.046875,
      46.02604293823242,
      46.515625,
      47.90625,
      48.15625,
      48.578125,
      49.85416793823242,
      50.421875,
      51.489585876464844,
      51.546875,
      52.140625,
      53.0,
      53.71354293823242,
      53.739585876464844,
      55.067710876464844,
      55.411460876464844,
      55.46875,
      56.578125,
      56.411460876464844,
      56.84375,
      57.36979293823242,
      57.69791793823242,
      58.46354293823242,
      58.770835876464844,
      58.421875,
      59.16666793823242,
      59.4375,
      59.91666793823242,
      60.098960876464844,
      60.15104293823242,
      61.15625,
      61.0625,
      61.58854293823242,
      61.91666793823242,
      61.859375,
      61.953125,
      62.578125,
      62.90104293823242,
      63.427085876464844,
      62.796875,
      63.86979293823242,
      64.046875,
      64.29167175292969,
      64.84896087646484,
      63.96875,
      64.81771087646484,
      65.09896087646484,
      65.40625,
      65.22396087646484
    ],
    "test_loss": [
      2.2648677825927734,
      2.1523163318634033,
      2.069612503051758,
      1.9874541759490967,
      1.9270210266113281,
      1.8986750841140747,
      1.8303961753845215,
      1.8125838041305542,
      1.7382853031158447,
      1.701673150062561,
      1.7287929058074951,
      1.6409244537353516,
      1.6073081493377686,
      1.6436504125595093,
      1.5723474025726318,
      1.5400269031524658,
      1.502416729927063,
      1.4465276002883911,
      1.438048243522644,
      1.4234477281570435,
      1.373815655708313,
      1.346972942352295,
      1.349647879600525,
      1.3129186630249023,
      1.2928330898284912,
      1.2921581268310547,
      1.2585792541503906,
      1.2858633995056152,
      1.2045643329620361,
      1.1997376680374146,
      1.1730557680130005,
      1.154076099395752,
      1.159207820892334,
      1.1472059488296509,
      1.1115034818649292,
      1.1023257970809937,
      1.1230378150939941,
      1.0990468263626099,
      1.092801570892334,
      1.0726712942123413,
      1.093673825263977,
      1.057373046875,
      1.0603721141815186,
      1.035456895828247,
      1.0451444387435913,
      1.0014355182647705,
      1.0128109455108643,
      1.0520823001861572,
      0.983464777469635,
      0.9755290746688843,
      0.9735327363014221,
      0.9606269598007202,
      0.9656260013580322,
      0.9649960398674011,
      0.9708285331726074,
      0.9421195387840271,
      0.9355130791664124,
      0.9217649102210999,
      0.9672033786773682,
      0.9264394044876099,
      0.9110778570175171,
      0.9255792498588562,
      0.8909180760383606,
      0.9184601902961731,
      0.9138433933258057,
      0.903147280216217,
      0.8692583441734314,
      0.8723200559616089,
      0.9045169353485107,
      0.8772071599960327
    ],
    "test_acc": [
      17.145833333333332,
      18.520833333333332,
      21.791666666666668,
      22.9375,
      25.354166666666668,
      28.0,
      29.666666666666668,
      30.270833333333332,
      33.125,
      34.583333333333336,
      33.4375,
      37.083333333333336,
      39.395833333333336,
      37.458333333333336,
      40.395833333333336,
      41.979166666666664,
      43.666666666666664,
      46.0,
      46.625,
      46.875,
      48.875,
      50.4375,
      49.958333333333336,
      52.166666666666664,
      52.5625,
      52.541666666666664,
      54.666666666666664,
      52.083333333333336,
      56.666666666666664,
      56.625,
      57.354166666666664,
      58.208333333333336,
      57.333333333333336,
      58.291666666666664,
      59.25,
      60.291666666666664,
      59.416666666666664,
      60.166666666666664,
      61.020833333333336,
      61.708333333333336,
      60.583333333333336,
      61.541666666666664,
      61.25,
      61.979166666666664,
      62.479166666666664,
      63.75,
      64.22916666666667,
      62.354166666666664,
      64.70833333333333,
      65.3125,
      65.39583333333333,
      65.5,
      65.8125,
      66.125,
      65.27083333333333,
      66.77083333333333,
      67.0625,
      67.72916666666667,
      65.77083333333333,
      67.79166666666667,
      67.91666666666667,
      67.35416666666667,
      68.1875,
      67.29166666666667,
      68.0625,
      67.8125,
      68.89583333333333,
      69.02083333333333,
      68.45833333333333,
      68.8125
    ]
  }
}