{
  "config": {
    "run_name": "exp2_1_L9_K64",
    "out_dir": "./results",
    "seed": 1476836916,
    "device": null,
    "bs_train": 128,
    "bs_test": 32,
    "batches": 150,
    "epochs": 70,
    "early_stopping": 5,
    "checkpoints": null,
    "lr": 0.001,
    "reg": 0.001,
    "filters_per_layer": [
      64
    ],
    "pool_every": 4,
    "hidden_dims": [
      1000
    ],
    "model_type": "ycn",
    "pooling_params": {
      "kernel_size": 2
    },
    "conv_params": {
      "kernel_size": 3,
      "stride": 1,
      "padding": 1
    },
    "activation_type": "lrelu",
    "activation_params": {
      "negative_slope": 0.05
    },
    "pooling_type": "max",
    "kw": {},
    "layers_per_block": 9
  },
  "results": {
    "num_epochs": 70,
    "train_loss": [
      2.2566845417022705,
      2.0898396968841553,
      1.985924243927002,
      1.8974517583847046,
      1.7942743301391602,
      1.7088383436203003,
      1.6437180042266846,
      1.5947068929672241,
      1.5572041273117065,
      1.519789695739746,
      1.4908549785614014,
      1.4577791690826416,
      1.4356235265731812,
      1.4105310440063477,
      1.38609778881073,
      1.3648128509521484,
      1.3500267267227173,
      1.324363112449646,
      1.3028956651687622,
      1.2826452255249023,
      1.265289306640625,
      1.2416541576385498,
      1.224069356918335,
      1.1980788707733154,
      1.1816613674163818,
      1.1606241464614868,
      1.141403079032898,
      1.1233540773391724,
      1.1102805137634277,
      1.0889040231704712,
      1.0800280570983887,
      1.0658633708953857,
      1.048218011856079,
      1.034900188446045,
      1.02606999874115,
      1.0116137266159058,
      1.0002223253250122,
      0.9821065068244934,
      0.9697977900505066,
      0.9581319093704224,
      0.9549659490585327,
      0.9339210987091064,
      0.9272764325141907,
      0.9257740378379822,
      0.9093650579452515,
      0.8994140625,
      0.8919132351875305,
      0.8765460252761841,
      0.8744378685951233,
      0.8570030927658081,
      0.8550258278846741,
      0.8378438353538513,
      0.8362916707992554,
      0.8266265988349915,
      0.8170031905174255,
      0.8106070160865784,
      0.7954239845275879,
      0.7975090742111206,
      0.7795808911323547,
      0.7712937593460083,
      0.7706758975982666,
      0.7612872123718262,
      0.7556980848312378,
      0.7494688630104065,
      0.7363634705543518,
      0.7307713031768799,
      0.7198310494422913,
      0.7186833024024963,
      0.7130194306373596,
      0.7004213333129883
    ],
    "train_acc": [
      14.322916984558105,
      24.234375,
      27.588542938232422,
      31.17708396911621,
      35.47916793823242,
      38.36979293823242,
      40.43229293823242,
      42.286460876464844,
      43.47916793823242,
      45.3125,
      46.177085876464844,
      47.255210876464844,
      48.380210876464844,
      49.32291793823242,
      50.08854293823242,
      50.927085876464844,
      51.302085876464844,
      52.515625,
      53.38541793823242,
      54.552085876464844,
      54.4375,
      55.29166793823242,
      56.34375,
      57.36979293823242,
      57.505210876464844,
      58.515625,
      58.973960876464844,
      59.93229293823242,
      60.489585876464844,
      60.9375,
      61.489585876464844,
      61.875,
      62.71354293823242,
      62.94791793823242,
      63.55729293823242,
      63.984375,
      64.35417175292969,
      65.08854675292969,
      65.68229675292969,
      66.15104675292969,
      66.328125,
      66.90625,
      67.10417175292969,
      67.109375,
      67.65625,
      67.90104675292969,
      68.19271087646484,
      68.97917175292969,
      69.03125,
      69.47396087646484,
      69.36979675292969,
      70.09375,
      70.15625,
      70.70833587646484,
      70.97917175292969,
      71.265625,
      71.875,
      72.05729675292969,
      72.25521087646484,
      72.484375,
      72.77604675292969,
      73.265625,
      73.63021087646484,
      73.88542175292969,
      73.93229675292969,
      74.08854675292969,
      74.51042175292969,
      74.58854675292969,
      74.86458587646484,
      75.02083587646484
    ],
    "test_loss": [
      2.2042086124420166,
      2.0579171180725098,
      1.9544916152954102,
      1.8513381481170654,
      1.7561205625534058,
      1.6662170886993408,
      1.616094708442688,
      1.585766315460205,
      1.5335965156555176,
      1.455823302268982,
      1.4696013927459717,
      1.484548568725586,
      1.4174739122390747,
      1.3968913555145264,
      1.380317211151123,
      1.3661712408065796,
      1.3305801153182983,
      1.2966240644454956,
      1.2849013805389404,
      1.2968666553497314,
      1.2350358963012695,
      1.198460340499878,
      1.1763237714767456,
      1.1791290044784546,
      1.148928165435791,
      1.131847858428955,
      1.1011202335357666,
      1.0750031471252441,
      1.1013541221618652,
      1.0421767234802246,
      1.041612982749939,
      1.0246230363845825,
      1.0200893878936768,
      1.0047385692596436,
      1.0039764642715454,
      0.9961391091346741,
      0.9782049655914307,
      0.9776290059089661,
      0.954897940158844,
      0.9492762088775635,
      0.9307408928871155,
      0.9316237568855286,
      0.9213237762451172,
      0.9420713186264038,
      0.9046014547348022,
      0.9013324975967407,
      0.9142565727233887,
      0.8914018869400024,
      0.8917211890220642,
      0.8842042088508606,
      0.8881238698959351,
      0.8825909495353699,
      0.8643734455108643,
      0.8671949505805969,
      0.8573814630508423,
      0.8567289113998413,
      0.8680477738380432,
      0.8432268500328064,
      0.828715443611145,
      0.8292016386985779,
      0.8298528790473938,
      0.8223937153816223,
      0.8377669453620911,
      0.8287802934646606,
      0.8199067115783691,
      0.7941492199897766,
      0.799172043800354,
      0.796482503414154,
      0.7934423089027405,
      0.7894291877746582
    ],
    "test_acc": [
      21.416666666666668,
      25.020833333333332,
      29.604166666666668,
      35.0,
      38.083333333333336,
      40.4375,
      41.854166666666664,
      42.291666666666664,
      44.395833333333336,
      46.604166666666664,
      47.1875,
      47.0,
      48.791666666666664,
      49.5625,
      50.854166666666664,
      51.625,
      52.958333333333336,
      53.770833333333336,
      54.604166666666664,
      53.833333333333336,
      56.604166666666664,
      58.145833333333336,
      58.916666666666664,
      58.270833333333336,
      59.770833333333336,
      60.458333333333336,
      61.395833333333336,
      62.5625,
      61.3125,
      63.583333333333336,
      63.666666666666664,
      63.791666666666664,
      64.41666666666667,
      64.8125,
      64.79166666666667,
      65.27083333333333,
      65.89583333333333,
      65.83333333333333,
      66.83333333333333,
      66.5,
      67.58333333333333,
      67.58333333333333,
      67.9375,
      67.25,
      69.08333333333333,
      68.70833333333333,
      68.0,
      69.125,
      69.20833333333333,
      69.08333333333333,
      69.16666666666667,
      69.20833333333333,
      70.10416666666667,
      70.14583333333333,
      70.33333333333333,
      70.375,
      70.125,
      70.77083333333333,
      71.27083333333333,
      71.20833333333333,
      70.97916666666667,
      71.29166666666667,
      71.14583333333333,
      71.9375,
      72.0,
      73.125,
      72.79166666666667,
      73.0625,
      73.04166666666667,
      73.22916666666667
    ]
  }
}