{
  "config": {
    "run_name": "exp2_1_L3_K128",
    "out_dir": "./results",
    "seed": 690936463,
    "device": null,
    "bs_train": 128,
    "bs_test": 32,
    "batches": 150,
    "epochs": 70,
    "early_stopping": 5,
    "checkpoints": null,
    "lr": 0.001,
    "reg": 0.001,
    "filters_per_layer": [
      128
    ],
    "pool_every": 4,
    "hidden_dims": [
      1000
    ],
    "model_type": "ycn",
    "pooling_params": {
      "kernel_size": 2
    },
    "conv_params": {
      "kernel_size": 3,
      "stride": 1,
      "padding": 1
    },
    "activation_type": "lrelu",
    "activation_params": {
      "negative_slope": 0.05
    },
    "pooling_type": "max",
    "kw": {},
    "layers_per_block": 3
  },
  "results": {
    "num_epochs": 20,
    "train_loss": [
      1.910740613937378,
      1.5691940784454346,
      1.4207829236984253,
      1.3160052299499512,
      1.2148633003234863,
      1.126758098602295,
      1.043703317642212,
      0.9589495062828064,
      0.8703218698501587,
      0.7785802483558655,
      0.6850077509880066,
      0.5842151641845703,
      0.4965836703777313,
      0.41558611392974854,
      0.34332746267318726,
      0.30753833055496216,
      0.305641233921051,
      0.28216391801834106,
      0.23537477850914001,
      0.17746594548225403
    ],
    "train_acc": [
      31.53125,
      44.442710876464844,
      49.609375,
      53.609375,
      57.234375,
      60.911460876464844,
      63.49479293823242,
      66.72396087646484,
      70.16667175292969,
      73.54167175292969,
      77.27604675292969,
      81.171875,
      84.43229675292969,
      87.609375,
      90.14583587646484,
      91.25,
      90.67708587646484,
      91.546875,
      93.26042175292969,
      95.25
    ],
    "test_loss": [
      1.651272177696228,
      1.4638117551803589,
      1.3565592765808105,
      1.2815287113189697,
      1.230429768562317,
      1.1847423315048218,
      1.164048671722412,
      1.1373813152313232,
      1.1292531490325928,
      1.1349527835845947,
      1.1432480812072754,
      1.1633061170578003,
      1.2064924240112305,
      1.2560206651687622,
      1.3262768983840942,
      1.362890362739563,
      1.3579652309417725,
      1.4482195377349854,
      1.3887728452682495,
      1.4292885065078735
    ],
    "test_acc": [
      40.208333333333336,
      47.125,
      51.5625,
      54.6875,
      56.270833333333336,
      58.020833333333336,
      59.166666666666664,
      60.0625,
      60.625,
      60.729166666666664,
      61.125,
      61.229166666666664,
      61.145833333333336,
      61.458333333333336,
      59.729166666666664,
      59.666666666666664,
      60.75,
      58.791666666666664,
      60.6875
    ]
  }
}