{
  "config": {
    "run_name": "exp2_1_L15_K128",
    "out_dir": "./results",
    "seed": 130384405,
    "device": null,
    "bs_train": 128,
    "bs_test": 32,
    "batches": 150,
    "epochs": 70,
    "early_stopping": 5,
    "checkpoints": null,
    "lr": 0.001,
    "reg": 0.001,
    "filters_per_layer": [
      128
    ],
    "pool_every": 4,
    "hidden_dims": [
      1000
    ],
    "model_type": "ycn",
    "pooling_params": {
      "kernel_size": 2
    },
    "conv_params": {
      "kernel_size": 3,
      "stride": 1,
      "padding": 1
    },
    "activation_type": "lrelu",
    "activation_params": {
      "negative_slope": 0.05
    },
    "pooling_type": "max",
    "kw": {},
    "layers_per_block": 15
  },
  "results": {
    "num_epochs": 68,
    "train_loss": [
      2.2789013385772705,
      2.121469259262085,
      1.9826314449310303,
      1.893533706665039,
      1.8170922994613647,
      1.740095853805542,
      1.6780810356140137,
      1.619301438331604,
      1.574724555015564,
      1.5274978876113892,
      1.4868322610855103,
      1.4505962133407593,
      1.4231112003326416,
      1.3798644542694092,
      1.3467952013015747,
      1.3173549175262451,
      1.2805278301239014,
      1.2495567798614502,
      1.2160446643829346,
      1.185465931892395,
      1.1583013534545898,
      1.1326185464859009,
      1.094649314880371,
      1.0767693519592285,
      1.0473350286483765,
      1.022496223449707,
      0.9967069625854492,
      0.9625697731971741,
      0.947643518447876,
      0.9253823757171631,
      0.9104380011558533,
      0.8842649459838867,
      0.8600150346755981,
      0.8437961935997009,
      0.8284286260604858,
      0.8060434460639954,
      0.7763002514839172,
      0.7688395380973816,
      0.747863233089447,
      0.7339515686035156,
      0.7159703373908997,
      0.7029872536659241,
      0.68567955493927,
      0.6704724431037903,
      0.6613909602165222,
      0.6398226022720337,
      0.6267011761665344,
      0.6160662770271301,
      0.5987532734870911,
      0.58689945936203,
      0.5677402019500732,
      0.5623607039451599,
      0.5432848930358887,
      0.5322437882423401,
      0.5224100947380066,
      0.5180617570877075,
      0.49411889910697937,
      0.48119160532951355,
      0.4835960865020752,
      0.46763429045677185,
      0.44694042205810547,
      0.4525977075099945,
      0.4270773231983185,
      0.42648571729660034,
      0.41855016350746155,
      0.40297916531562805,
      0.396811306476593,
      0.3773142099380493
    ],
    "train_acc": [
      13.067708969116211,
      20.91145896911621,
      24.734375,
      27.98958396911621,
      30.84895896911621,
      34.35416793823242,
      37.005210876464844,
      39.46354293823242,
      41.458335876464844,
      43.15104293823242,
      44.802085876464844,
      46.36979293823242,
      47.536460876464844,
      49.739585876464844,
      51.01041793823242,
      51.41666793823242,
      52.973960876464844,
      54.520835876464844,
      55.786460876464844,
      57.02604293823242,
      58.18229293823242,
      58.958335876464844,
      60.74479293823242,
      60.942710876464844,
      62.47916793823242,
      63.375,
      63.96875,
      65.47396087646484,
      65.91146087646484,
      66.73958587646484,
      67.23958587646484,
      68.21354675292969,
      69.40104675292969,
      69.74479675292969,
      70.52083587646484,
      71.07292175292969,
      72.02604675292969,
      72.69792175292969,
      73.52604675292969,
      74.15104675292969,
      74.50521087646484,
      75.19271087646484,
      75.65625,
      76.35417175292969,
      76.45833587646484,
      77.45833587646484,
      77.61979675292969,
      78.41667175292969,
      78.79167175292969,
      79.11979675292969,
      80.05208587646484,
      80.359375,
      80.953125,
      81.20833587646484,
      81.671875,
      81.734375,
      82.47917175292969,
      82.90625,
      83.0,
      83.59896087646484,
      84.35417175292969,
      84.328125,
      84.89583587646484,
      85.03646087646484,
      85.47917175292969,
      85.6875,
      86.10417175292969,
      86.75521087646484
    ],
    "test_loss": [
      2.2249748706817627,
      2.0901551246643066,
      1.9912327527999878,
      1.8501198291778564,
      1.755241870880127,
      1.6752605438232422,
      1.6070594787597656,
      1.5724955797195435,
      1.527270793914795,
      1.4775683879852295,
      1.4284762144088745,
      1.3912774324417114,
      1.3238848447799683,
      1.319270372390747,
      1.2694023847579956,
      1.2478358745574951,
      1.2079259157180786,
      1.187894344329834,
      1.1863771677017212,
      1.129987120628357,
      1.1243802309036255,
      1.0671030282974243,
      1.030487060546875,
      1.0192497968673706,
      0.9871206879615784,
      0.9702348709106445,
      0.9382483959197998,
      0.9320959448814392,
      0.909532904624939,
      0.8766552805900574,
      0.8567104935646057,
      0.8479151129722595,
      0.8498831391334534,
      0.8213553428649902,
      0.8313020467758179,
      0.797325849533081,
      0.7944988012313843,
      0.7676409482955933,
      0.7736799716949463,
      0.7532634735107422,
      0.7494411468505859,
      0.729694664478302,
      0.7510983347892761,
      0.7437974810600281,
      0.7402751445770264,
      0.7108179330825806,
      0.7239929437637329,
      0.7077333331108093,
      0.7329666018486023,
      0.7572903037071228,
      0.7129111289978027,
      0.7011803984642029,
      0.7332808971405029,
      0.7097852826118469,
      0.7289969325065613,
      0.7151218056678772,
      0.7282998561859131,
      0.714748203754425,
      0.7100627422332764,
      0.7260293364524841,
      0.7559421062469482,
      0.7083349823951721,
      0.7215037941932678,
      0.720109224319458,
      0.7352327704429626,
      0.7274527549743652,
      0.7422788739204407,
      0.7293276190757751
    ],
    "test_acc": [
      16.895833333333332,
      19.75,
      24.333333333333332,
      29.020833333333332,
      32.854166666666664,
      37.291666666666664,
      40.020833333333336,
      41.083333333333336,
      43.145833333333336,
      45.041666666666664,
      46.666666666666664,
      48.645833333333336,
      50.729166666666664,
      51.666666666666664,
      53.416666666666664,
      54.145833333333336,
      56.104166666666664,
      56.833333333333336,
      57.145833333333336,
      59.6875,
      59.520833333333336,
      61.895833333333336,
      62.604166666666664,
      63.020833333333336,
      64.83333333333333,
      65.14583333333333,
      67.14583333333333,
      66.77083333333333,
      67.60416666666667,
      69.4375,
      69.5,
      69.75,
      70.41666666666667,
      71.58333333333333,
      71.22916666666667,
      72.8125,
      72.20833333333333,
      74.14583333333333,
      74.20833333333333,
      74.39583333333333,
      75.08333333333333,
      75.58333333333333,
      75.02083333333333,
      75.75,
      75.5,
      76.58333333333333,
      76.54166666666667,
      77.41666666666667,
      76.89583333333333,
      76.41666666666667,
      77.45833333333333,
      78.45833333333333,
      77.64583333333333,
      78.0,
      77.875,
      78.72916666666667,
      78.3125,
      78.47916666666667,
      79.04166666666667,
      78.1875,
      77.75,
      79.58333333333333,
      79.0625,
      79.54166666666667,
      78.60416666666667,
      79.29166666666667,
      78.95833333333333
    ]
  }
}