{
  "config": {
    "run_name": "exp2_1_L6_K128",
    "out_dir": "./results",
    "seed": 1674807710,
    "device": null,
    "bs_train": 128,
    "bs_test": 32,
    "batches": 150,
    "epochs": 70,
    "early_stopping": 5,
    "checkpoints": null,
    "lr": 0.001,
    "reg": 0.001,
    "filters_per_layer": [
      128
    ],
    "pool_every": 4,
    "hidden_dims": [
      1000
    ],
    "model_type": "ycn",
    "pooling_params": {
      "kernel_size": 2
    },
    "conv_params": {
      "kernel_size": 3,
      "stride": 1,
      "padding": 1
    },
    "activation_type": "lrelu",
    "activation_params": {
      "negative_slope": 0.05
    },
    "pooling_type": "max",
    "kw": {},
    "layers_per_block": 6
  },
  "results": {
    "num_epochs": 42,
    "train_loss": [
      2.0933573246002197,
      1.7596231698989868,
      1.6202484369277954,
      1.5346267223358154,
      1.4627151489257812,
      1.4074972867965698,
      1.3545646667480469,
      1.3019801378250122,
      1.255823016166687,
      1.2067097425460815,
      1.1660287380218506,
      1.126749038696289,
      1.0839877128601074,
      1.0433762073516846,
      1.0092068910598755,
      0.9619312286376953,
      0.9226389527320862,
      0.883531928062439,
      0.848090648651123,
      0.8065030574798584,
      0.7678361535072327,
      0.7323984503746033,
      0.6883407831192017,
      0.6493971347808838,
      0.610443651676178,
      0.5711560249328613,
      0.5269739627838135,
      0.49325108528137207,
      0.4520505368709564,
      0.4143390953540802,
      0.38252609968185425,
      0.3487057685852051,
      0.32172200083732605,
      0.2881718873977661,
      0.2652289569377899,
      0.24241775274276733,
      0.21652232110500336,
      0.1996164321899414,
      0.19396011531352997,
      0.1839173138141632,
      0.18670496344566345,
      0.19313223659992218
    ],
    "train_acc": [
      24.526042938232422,
      37.57291793823242,
      41.989585876464844,
      45.421875,
      47.895835876464844,
      49.927085876464844,
      51.953125,
      53.53125,
      55.411460876464844,
      56.953125,
      59.020835876464844,
      60.208335876464844,
      61.80729293823242,
      63.317710876464844,
      64.51042175292969,
      66.78125,
      67.60417175292969,
      69.25,
      70.47917175292969,
      72.09896087646484,
      73.640625,
      74.98958587646484,
      76.58854675292969,
      78.26042175292969,
      79.65625,
      81.515625,
      82.79167175292969,
      84.27083587646484,
      85.72396087646484,
      87.22396087646484,
      88.34896087646484,
      89.63542175292969,
      90.77083587646484,
      92.01042175292969,
      92.81771087646484,
      93.53125,
      94.42708587646484,
      95.0625,
      94.9375,
      95.18229675292969,
      95.140625,
      94.65104675292969
    ],
    "test_loss": [
      1.8874082565307617,
      1.6950953006744385,
      1.5769927501678467,
      1.513382077217102,
      1.4603400230407715,
      1.3866045475006104,
      1.3607959747314453,
      1.318052053451538,
      1.2791242599487305,
      1.241890788078308,
      1.2425676584243774,
      1.1843385696411133,
      1.1583385467529297,
      1.1448923349380493,
      1.1179561614990234,
      1.1125303506851196,
      1.092049479484558,
      1.0810015201568604,
      1.0731474161148071,
      1.0443651676177979,
      1.0444086790084839,
      1.0396785736083984,
      1.0374833345413208,
      1.022402048110962,
      1.0413073301315308,
      1.0516856908798218,
      1.0553158521652222,
      1.0411324501037598,
      1.0908081531524658,
      1.0721768140792847,
      1.088061809539795,
      1.1030943393707275,
      1.148726224899292,
      1.122556447982788,
      1.1593329906463623,
      1.178208827972412,
      1.2073477506637573,
      1.2226048707962036,
      1.23479425907135,
      1.309024453163147,
      1.3131364583969116,
      1.3476427793502808
    ],
    "test_acc": [
      34.229166666666664,
      39.604166666666664,
      43.6875,
      45.833333333333336,
      47.854166666666664,
      50.604166666666664,
      51.9375,
      53.5,
      54.958333333333336,
      56.854166666666664,
      56.6875,
      58.1875,
      58.854166666666664,
      59.75,
      60.708333333333336,
      60.875,
      62.145833333333336,
      62.166666666666664,
      62.6875,
      63.520833333333336,
      63.833333333333336,
      63.895833333333336,
      64.27083333333333,
      65.0625,
      64.5,
      64.95833333333333,
      65.27083333333333,
      65.5625,
      64.79166666666667,
      65.8125,
      65.8125,
      65.66666666666667,
      65.16666666666667,
      65.83333333333333,
      65.41666666666667,
      66.10416666666667,
      65.58333333333333,
      66.0625,
      65.89583333333333,
      65.04166666666667,
      65.0625
    ]
  }
}