{
  "config": {
    "run_name": "exp2_1_L15_K32",
    "out_dir": "./results",
    "seed": 1272621339,
    "device": null,
    "bs_train": 128,
    "bs_test": 32,
    "batches": 150,
    "epochs": 70,
    "early_stopping": 5,
    "checkpoints": null,
    "lr": 0.001,
    "reg": 0.001,
    "filters_per_layer": [
      32
    ],
    "pool_every": 4,
    "hidden_dims": [
      1000
    ],
    "model_type": "ycn",
    "pooling_params": {
      "kernel_size": 2
    },
    "conv_params": {
      "kernel_size": 3,
      "stride": 1,
      "padding": 1
    },
    "activation_type": "lrelu",
    "activation_params": {
      "negative_slope": 0.05
    },
    "pooling_type": "max",
    "kw": {},
    "layers_per_block": 15
  },
  "results": {
    "num_epochs": 70,
    "train_loss": [
      2.265648126602173,
      2.1486752033233643,
      2.072845220565796,
      2.018005132675171,
      1.9581929445266724,
      1.89726984500885,
      1.848176121711731,
      1.8049485683441162,
      1.762247920036316,
      1.7312909364700317,
      1.700240969657898,
      1.6737698316574097,
      1.6468600034713745,
      1.6211715936660767,
      1.5972150564193726,
      1.5751471519470215,
      1.5534858703613281,
      1.5311295986175537,
      1.5121281147003174,
      1.4885022640228271,
      1.4719890356063843,
      1.4481431245803833,
      1.4319267272949219,
      1.4127253293991089,
      1.394168496131897,
      1.375558614730835,
      1.3626214265823364,
      1.341062068939209,
      1.32861328125,
      1.3126078844070435,
      1.2923580408096313,
      1.2794857025146484,
      1.2657877206802368,
      1.254059910774231,
      1.2363123893737793,
      1.2179306745529175,
      1.2127574682235718,
      1.2058650255203247,
      1.1923058032989502,
      1.1726211309432983,
      1.1615574359893799,
      1.1474031209945679,
      1.1432124376296997,
      1.1305952072143555,
      1.12250816822052,
      1.1151227951049805,
      1.11183762550354,
      1.0924369096755981,
      1.0892914533615112,
      1.077298879623413,
      1.0692012310028076,
      1.057456612586975,
      1.0513410568237305,
      1.0504292249679565,
      1.038944959640503,
      1.0284016132354736,
      1.0251193046569824,
      1.0136579275131226,
      1.010703206062317,
      1.0045068264007568,
      0.9964576959609985,
      0.9864770770072937,
      0.9749763011932373,
      0.9785834550857544,
      0.9677388668060303,
      0.9725170731544495,
      0.9547072052955627,
      0.9464708566665649,
      0.9428368210792542,
      0.9519290328025818
    ],
    "train_acc": [
      12.723958969116211,
      19.03125,
      20.484375,
      21.854167938232422,
      24.296875,
      27.135417938232422,
      28.94270896911621,
      30.61458396911621,
      32.364585876464844,
      33.802085876464844,
      34.76041793823242,
      36.234375,
      37.1875,
      38.739585876464844,
      39.880210876464844,
      40.63541793823242,
      41.94791793823242,
      42.703125,
      43.30729293823242,
      44.583335876464844,
      45.25,
      46.41666793823242,
      47.098960876464844,
      47.927085876464844,
      48.546875,
      49.484375,
      49.72916793823242,
      50.895835876464844,
      51.802085876464844,
      52.01041793823242,
      53.01041793823242,
      53.177085876464844,
      53.54166793823242,
      54.286460876464844,
      55.32291793823242,
      55.46875,
      56.0625,
      56.098960876464844,
      57.22916793823242,
      57.833335876464844,
      58.234375,
      58.828125,
      58.770835876464844,
      59.364585876464844,
      59.505210876464844,
      59.97916793823242,
      60.223960876464844,
      60.765625,
      61.09375,
      61.46354293823242,
      61.333335876464844,
      61.973960876464844,
      62.29166793823242,
      62.880210876464844,
      62.83854293823242,
      63.21875,
      63.234375,
      63.802085876464844,
      63.692710876464844,
      63.93229293823242,
      64.52604675292969,
      64.70833587646484,
      65.22917175292969,
      64.98958587646484,
      65.41146087646484,
      64.94271087646484,
      66.07292175292969,
      66.265625,
      66.52604675292969,
      66.08854675292969
    ],
    "test_loss": [
      2.23252010345459,
      2.1725428104400635,
      2.0626606941223145,
      2.007941246032715,
      1.9279909133911133,
      1.8741976022720337,
      1.849995732307434,
      1.7444877624511719,
      1.718991756439209,
      1.6850898265838623,
      1.5894545316696167,
      1.575169563293457,
      1.6114988327026367,
      1.5281022787094116,
      1.485093593597412,
      1.4849684238433838,
      1.4196451902389526,
      1.4080690145492554,
      1.4533052444458008,
      1.4042850732803345,
      1.37107253074646,
      1.319178581237793,
      1.2948375940322876,
      1.2811298370361328,
      1.2911678552627563,
      1.2550374269485474,
      1.2372055053710938,
      1.2305970191955566,
      1.201375126838684,
      1.2012403011322021,
      1.1520721912384033,
      1.1412757635116577,
      1.1329224109649658,
      1.1432571411132812,
      1.1302984952926636,
      1.129797101020813,
      1.1088238954544067,
      1.1002520322799683,
      1.079287052154541,
      1.064760446548462,
      1.047096848487854,
      1.0525884628295898,
      0.9967419505119324,
      1.0247621536254883,
      1.0033217668533325,
      1.0314425230026245,
      1.0112841129302979,
      0.9926896095275879,
      0.9733853340148926,
      0.9598227143287659,
      0.9795643091201782,
      0.9465402364730835,
      0.9399420022964478,
      0.9682696461677551,
      0.9327601194381714,
      0.9514628052711487,
      0.9303402900695801,
      0.9268591403961182,
      0.9128016233444214,
      0.9407426714897156,
      0.9023210406303406,
      0.9245762228965759,
      0.8946847319602966,
      0.8767065405845642,
      0.9108592867851257,
      0.8803857564926147,
      0.9123252630233765,
      0.860793948173523,
      0.8787009716033936,
      0.8903188109397888
    ],
    "test_acc": [
      16.770833333333332,
      16.708333333333332,
      21.854166666666668,
      23.708333333333332,
      27.166666666666668,
      28.270833333333332,
      30.25,
      33.604166666666664,
      34.5625,
      36.104166666666664,
      38.375,
      40.0,
      39.875,
      42.979166666666664,
      44.270833333333336,
      44.208333333333336,
      47.458333333333336,
      48.0,
      46.4375,
      48.083333333333336,
      49.125,
      52.333333333333336,
      52.9375,
      53.291666666666664,
      53.375,
      54.8125,
      55.125,
      55.208333333333336,
      56.333333333333336,
      56.5625,
      58.270833333333336,
      58.5625,
      58.5,
      58.6875,
      58.729166666666664,
      58.5625,
      60.25,
      60.104166666666664,
      60.75,
      61.729166666666664,
      61.6875,
      62.541666666666664,
      64.45833333333333,
      63.166666666666664,
      64.1875,
      63.229166666666664,
      64.10416666666667,
      64.52083333333333,
      65.79166666666667,
      65.77083333333333,
      65.20833333333333,
      66.70833333333333,
      66.91666666666667,
      65.85416666666667,
      67.41666666666667,
      66.54166666666667,
      67.45833333333333,
      67.9375,
      68.29166666666667,
      67.125,
      68.8125,
      67.83333333333333,
      68.625,
      70.10416666666667,
      69.125,
      69.89583333333333,
      68.70833333333333,
      70.39583333333333,
      70.1875,
      69.5
    ]
  }
}