{
  "config": {
    "run_name": "exp2_1_L9_K128",
    "out_dir": "./results",
    "seed": 1466318192,
    "device": null,
    "bs_train": 128,
    "bs_test": 32,
    "batches": 150,
    "epochs": 70,
    "early_stopping": 5,
    "checkpoints": null,
    "lr": 0.001,
    "reg": 0.001,
    "filters_per_layer": [
      128
    ],
    "pool_every": 4,
    "hidden_dims": [
      1000
    ],
    "model_type": "ycn",
    "pooling_params": {
      "kernel_size": 2
    },
    "conv_params": {
      "kernel_size": 3,
      "stride": 1,
      "padding": 1
    },
    "activation_type": "lrelu",
    "activation_params": {
      "negative_slope": 0.05
    },
    "pooling_type": "max",
    "kw": {},
    "layers_per_block": 9
  },
  "results": {
    "num_epochs": 70,
    "train_loss": [
      2.2161178588867188,
      1.9850046634674072,
      1.8197861909866333,
      1.7011115550994873,
      1.621732234954834,
      1.5600234270095825,
      1.5082955360412598,
      1.4646978378295898,
      1.4260458946228027,
      1.3845241069793701,
      1.346673846244812,
      1.31297767162323,
      1.2809479236602783,
      1.2520502805709839,
      1.2190933227539062,
      1.1929571628570557,
      1.163836121559143,
      1.1355805397033691,
      1.107347011566162,
      1.086760401725769,
      1.0622557401657104,
      1.0438437461853027,
      1.0187666416168213,
      0.9985454082489014,
      0.9791650176048279,
      0.9590215086936951,
      0.9405418634414673,
      0.9263604879379272,
      0.9045183062553406,
      0.8893792629241943,
      0.8728489279747009,
      0.8648560643196106,
      0.8437888026237488,
      0.8326213955879211,
      0.8164000511169434,
      0.8093822002410889,
      0.7950929999351501,
      0.7836312651634216,
      0.7668051719665527,
      0.7609920501708984,
      0.7470174431800842,
      0.7335687875747681,
      0.7203395962715149,
      0.707768440246582,
      0.6991910338401794,
      0.6878913640975952,
      0.6799980401992798,
      0.6650108098983765,
      0.6553969979286194,
      0.6468338370323181,
      0.6377131938934326,
      0.6269678473472595,
      0.6151124238967896,
      0.6061844825744629,
      0.6002826690673828,
      0.5892651677131653,
      0.5834726691246033,
      0.5696592926979065,
      0.5585830211639404,
      0.5564776062965393,
      0.5418842434883118,
      0.5322175025939941,
      0.5293793678283691,
      0.5197442173957825,
      0.5172040462493896,
      0.506672739982605,
      0.4993429481983185,
      0.49049264192581177,
      0.4778801500797272,
      0.47566941380500793
    ],
    "train_acc": [
      16.33333396911621,
      28.390625,
      34.765625,
      38.47916793823242,
      41.208335876464844,
      43.421875,
      45.395835876464844,
      46.84375,
      48.614585876464844,
      50.046875,
      51.453125,
      52.703125,
      54.192710876464844,
      55.052085876464844,
      56.5625,
      57.234375,
      58.859375,
      59.02604293823242,
      60.74479293823242,
      60.953125,
      62.270835876464844,
      62.989585876464844,
      63.895835876464844,
      64.640625,
      65.421875,
      65.73958587646484,
      67.02604675292969,
      66.890625,
      68.078125,
      68.61979675292969,
      69.08333587646484,
      69.58333587646484,
      70.25,
      70.13542175292969,
      71.06771087646484,
      71.203125,
      71.77604675292969,
      72.23958587646484,
      72.69792175292969,
      73.02083587646484,
      73.58333587646484,
      74.08854675292969,
      74.38021087646484,
      75.20833587646484,
      75.28125,
      75.47396087646484,
      76.20833587646484,
      76.515625,
      76.94271087646484,
      77.34375,
      77.74479675292969,
      77.72917175292969,
      78.60417175292969,
      78.72396087646484,
      78.84896087646484,
      79.14583587646484,
      79.40104675292969,
      80.16146087646484,
      80.234375,
      80.40625,
      80.97396087646484,
      81.05729675292969,
      81.359375,
      81.63542175292969,
      81.80208587646484,
      82.16146087646484,
      82.40625,
      82.75521087646484,
      83.34375,
      83.13542175292969
    ],
    "test_loss": [
      2.096257448196411,
      1.924347162246704,
      1.7683266401290894,
      1.6746697425842285,
      1.5809595584869385,
      1.5121941566467285,
      1.4750667810440063,
      1.4313867092132568,
      1.3855661153793335,
      1.351960301399231,
      1.2935731410980225,
      1.273201823234558,
      1.2304058074951172,
      1.2220735549926758,
      1.1830631494522095,
      1.1796656847000122,
      1.1757986545562744,
      1.1282681226730347,
      1.121735692024231,
      1.1303414106369019,
      1.0833388566970825,
      1.0444731712341309,
      1.0239620208740234,
      1.0003684759140015,
      0.9766685962677002,
      0.9829676151275635,
      0.9664825201034546,
      0.9318947196006775,
      0.9455053806304932,
      0.9270612597465515,
      0.8847214579582214,
      0.886837363243103,
      0.8704279661178589,
      0.8605331182479858,
      0.8444371819496155,
      0.8557959198951721,
      0.8313722014427185,
      0.8226749897003174,
      0.8151222467422485,
      0.8025733828544617,
      0.8152441382408142,
      0.8072538375854492,
      0.7916149497032166,
      0.77657550573349,
      0.7945407032966614,
      0.7837827801704407,
      0.7614966034889221,
      0.7686115503311157,
      0.7703801393508911,
      0.7420195937156677,
      0.7604723572731018,
      0.7405328750610352,
      0.7419160604476929,
      0.745732843875885,
      0.7529833316802979,
      0.7433745861053467,
      0.7132443189620972,
      0.7288215160369873,
      0.7169733047485352,
      0.7370705604553223,
      0.7197197675704956,
      0.7055832147598267,
      0.7233394384384155,
      0.7112830877304077,
      0.7119725942611694,
      0.71937096118927,
      0.7086214423179626,
      0.6968050599098206,
      0.7036699652671814,
      0.6977434158325195
    ],
    "test_acc": [
      22.625,
      30.875,
      37.75,
      39.416666666666664,
      42.520833333333336,
      44.916666666666664,
      46.708333333333336,
      48.416666666666664,
      49.833333333333336,
      51.083333333333336,
      53.729166666666664,
      54.520833333333336,
      55.5625,
      56.520833333333336,
      57.375,
      58.541666666666664,
      58.104166666666664,
      60.020833333333336,
      60.375,
      60.125,
      62.020833333333336,
      63.5625,
      64.375,
      65.125,
      66.1875,
      65.83333333333333,
      66.54166666666667,
      67.77083333333333,
      67.22916666666667,
      68.10416666666667,
      69.47916666666667,
      69.5,
      69.95833333333333,
      70.54166666666667,
      70.75,
      70.39583333333333,
      71.625,
      71.97916666666667,
      72.27083333333333,
      72.16666666666667,
      71.97916666666667,
      72.22916666666667,
      73.125,
      73.77083333333333,
      72.77083333333333,
      73.95833333333333,
      74.0,
      74.20833333333333,
      74.29166666666667,
      75.29166666666667,
      75.10416666666667,
      75.29166666666667,
      75.1875,
      75.29166666666667,
      74.72916666666667,
      75.54166666666667,
      76.08333333333333,
      75.79166666666667,
      76.5625,
      75.54166666666667,
      76.27083333333333,
      76.625,
      76.41666666666667,
      77.08333333333333,
      76.89583333333333,
      77.08333333333333,
      77.39583333333333,
      77.5,
      77.4375,
      76.70833333333333
    ]
  }
}