{
  "config": {
    "run_name": "exp2_1_L9_K32",
    "out_dir": "./results",
    "seed": 231589326,
    "device": null,
    "bs_train": 128,
    "bs_test": 32,
    "batches": 150,
    "epochs": 70,
    "early_stopping": 5,
    "checkpoints": null,
    "lr": 0.001,
    "reg": 0.001,
    "filters_per_layer": [
      32
    ],
    "pool_every": 4,
    "hidden_dims": [
      1000
    ],
    "model_type": "ycn",
    "pooling_params": {
      "kernel_size": 2
    },
    "conv_params": {
      "kernel_size": 3,
      "stride": 1,
      "padding": 1
    },
    "activation_type": "lrelu",
    "activation_params": {
      "negative_slope": 0.05
    },
    "pooling_type": "max",
    "kw": {},
    "layers_per_block": 9
  },
  "results": {
    "num_epochs": 70,
    "train_loss": [
      2.273650884628296,
      2.127384901046753,
      2.0113110542297363,
      1.9230453968048096,
      1.8436927795410156,
      1.7824792861938477,
      1.7347265481948853,
      1.6944903135299683,
      1.6644974946975708,
      1.6301765441894531,
      1.5980299711227417,
      1.5714662075042725,
      1.5478512048721313,
      1.5235925912857056,
      1.5023629665374756,
      1.4792137145996094,
      1.450524926185608,
      1.4343950748443604,
      1.4158129692077637,
      1.3958618640899658,
      1.3803693056106567,
      1.3573507070541382,
      1.342165470123291,
      1.3249554634094238,
      1.3123399019241333,
      1.2927212715148926,
      1.278780460357666,
      1.2675135135650635,
      1.248447299003601,
      1.23568856716156,
      1.2201957702636719,
      1.2078616619110107,
      1.1949697732925415,
      1.1859911680221558,
      1.1746182441711426,
      1.157686710357666,
      1.1462981700897217,
      1.1346032619476318,
      1.120519757270813,
      1.1154857873916626,
      1.1072927713394165,
      1.0921502113342285,
      1.0883842706680298,
      1.072765827178955,
      1.0589720010757446,
      1.0564721822738647,
      1.047608494758606,
      1.0368919372558594,
      1.027238130569458,
      1.027966856956482,
      1.0208771228790283,
      1.0041162967681885,
      1.0005759000778198,
      0.9947079420089722,
      0.9797877073287964,
      0.9731655716896057,
      0.9674020409584045,
      0.9639243483543396,
      0.9567738771438599,
      0.9415609836578369,
      0.9430186152458191,
      0.9395154714584351,
      0.9287892580032349,
      0.9145775437355042,
      0.9191057085990906,
      0.9075009226799011,
      0.8971635103225708,
      0.8985077142715454,
      0.8952905535697937,
      0.8877330422401428
    ],
    "train_acc": [
      11.953125,
      22.713542938232422,
      26.494792938232422,
      30.921875,
      33.65625,
      35.833335876464844,
      37.145835876464844,
      38.26041793823242,
      39.583335876464844,
      40.911460876464844,
      42.30729293823242,
      43.58854293823242,
      44.21354293823242,
      45.33854293823242,
      45.68229293823242,
      46.734375,
      48.036460876464844,
      48.317710876464844,
      49.28125,
      49.859375,
      50.13541793823242,
      51.421875,
      51.786460876464844,
      52.609375,
      52.895835876464844,
      53.880210876464844,
      54.21875,
      54.60416793823242,
      55.567710876464844,
      56.098960876464844,
      56.72916793823242,
      57.192710876464844,
      57.755210876464844,
      57.29166793823242,
      57.989585876464844,
      58.770835876464844,
      59.109375,
      59.796875,
      60.40104293823242,
      60.6875,
      60.630210876464844,
      61.28125,
      61.442710876464844,
      62.255210876464844,
      62.578125,
      62.578125,
      63.28125,
      63.552085876464844,
      63.69791793823242,
      63.78125,
      63.989585876464844,
      64.91667175292969,
      64.59896087646484,
      64.75521087646484,
      65.65625,
      65.671875,
      65.76042175292969,
      65.9375,
      66.27604675292969,
      66.95833587646484,
      66.97396087646484,
      67.03125,
      67.60417175292969,
      67.99479675292969,
      67.61979675292969,
      67.875,
      68.53125,
      68.53646087646484,
      68.22396087646484,
      68.40104675292969
    ],
    "test_loss": [
      2.2313685417175293,
      2.1119585037231445,
      1.9855684041976929,
      1.8566621541976929,
      1.7806565761566162,
      1.7641359567642212,
      1.6840864419937134,
      1.633084774017334,
      1.587190866470337,
      1.5832358598709106,
      1.5662407875061035,
      1.5115290880203247,
      1.4937644004821777,
      1.4917603731155396,
      1.4464305639266968,
      1.3993209600448608,
      1.359122633934021,
      1.35358464717865,
      1.331881046295166,
      1.3226569890975952,
      1.301244854927063,
      1.2680764198303223,
      1.2508001327514648,
      1.2405662536621094,
      1.229578971862793,
      1.211713433265686,
      1.1952271461486816,
      1.1978402137756348,
      1.1662871837615967,
      1.158412218093872,
      1.1545132398605347,
      1.1147581338882446,
      1.1166657209396362,
      1.0930873155593872,
      1.0908609628677368,
      1.1029728651046753,
      1.090769648551941,
      1.059967279434204,
      1.0376859903335571,
      1.0403469800949097,
      1.0372140407562256,
      1.0112146139144897,
      1.0021754503250122,
      1.006476879119873,
      0.9886195659637451,
      1.0207481384277344,
      1.0012404918670654,
      0.9860495924949646,
      0.9721715450286865,
      0.9749990105628967,
      0.9551450610160828,
      0.9443442821502686,
      0.9428809881210327,
      0.9822446703910828,
      0.9192497730255127,
      0.9231812357902527,
      0.9159559011459351,
      0.9093868136405945,
      0.9053599834442139,
      0.9142681956291199,
      0.9000563621520996,
      0.903150200843811,
      0.892973005771637,
      0.8905030488967896,
      0.8877885937690735,
      0.8695772290229797,
      0.869610607624054,
      0.880283534526825,
      0.8678014874458313,
      0.8717658519744873
    ],
    "test_acc": [
      21.395833333333332,
      21.416666666666668,
      27.729166666666668,
      34.020833333333336,
      36.75,
      36.9375,
      39.354166666666664,
      40.6875,
      42.166666666666664,
      42.916666666666664,
      44.125,
      45.4375,
      46.25,
      47.458333333333336,
      48.166666666666664,
      49.6875,
      51.6875,
      51.479166666666664,
      52.4375,
      52.9375,
      53.875,
      54.104166666666664,
      55.4375,
      55.375,
      56.4375,
      57.333333333333336,
      57.5,
      57.125,
      58.3125,
      59.041666666666664,
      58.708333333333336,
      60.479166666666664,
      60.208333333333336,
      60.9375,
      61.125,
      60.833333333333336,
      61.875,
      62.291666666666664,
      63.395833333333336,
      63.3125,
      63.354166666666664,
      63.770833333333336,
      64.58333333333333,
      64.54166666666667,
      65.60416666666667,
      64.22916666666667,
      64.625,
      65.5,
      65.85416666666667,
      65.91666666666667,
      66.6875,
      66.97916666666667,
      66.5,
      65.875,
      67.83333333333333,
      67.8125,
      67.58333333333333,
      67.89583333333333,
      68.4375,
      68.29166666666667,
      68.3125,
      68.72916666666667,
      69.10416666666667,
      69.33333333333333,
      69.16666666666667,
      69.5,
      69.89583333333333,
      69.3125,
      69.79166666666667,
      69.66666666666667
    ]
  }
}