{
  "config": {
    "run_name": "exp2_1_L15_K256",
    "out_dir": "./results",
    "seed": 141054522,
    "device": null,
    "bs_train": 128,
    "bs_test": 32,
    "batches": 150,
    "epochs": 70,
    "early_stopping": 5,
    "checkpoints": null,
    "lr": 0.001,
    "reg": 0.001,
    "filters_per_layer": [
      256
    ],
    "pool_every": 4,
    "hidden_dims": [
      1000
    ],
    "model_type": "ycn",
    "pooling_params": {
      "kernel_size": 2
    },
    "conv_params": {
      "kernel_size": 3,
      "stride": 1,
      "padding": 1
    },
    "activation_type": "lrelu",
    "activation_params": {
      "negative_slope": 0.05
    },
    "pooling_type": "max",
    "kw": {},
    "layers_per_block": 15
  },
  "results": {
    "num_epochs": 60,
    "train_loss": [
      2.2538487911224365,
      2.069578170776367,
      1.9262430667877197,
      1.8150752782821655,
      1.7227014303207397,
      1.6489839553833008,
      1.5870648622512817,
      1.5321838855743408,
      1.47914719581604,
      1.4332746267318726,
      1.3881665468215942,
      1.3452907800674438,
      1.3035277128219604,
      1.2615375518798828,
      1.2130204439163208,
      1.1841206550598145,
      1.1417436599731445,
      1.104565978050232,
      1.0674601793289185,
      1.0365058183670044,
      1.0054010152816772,
      0.9786481857299805,
      0.9423516988754272,
      0.9098739624023438,
      0.8780858516693115,
      0.8510041832923889,
      0.8291640281677246,
      0.80112224817276,
      0.7692457437515259,
      0.7427675127983093,
      0.7201745510101318,
      0.6842153668403625,
      0.6735619902610779,
      0.6507605910301208,
      0.6252151131629944,
      0.6101939678192139,
      0.5878008604049683,
      0.555889904499054,
      0.5344902276992798,
      0.5233822464942932,
      0.5048556923866272,
      0.48005911707878113,
      0.4643077552318573,
      0.44725301861763,
      0.4372159242630005,
      0.4130416512489319,
      0.39649543166160583,
      0.38324037194252014,
      0.3675599694252014,
      0.3452310860157013,
      0.3313116431236267,
      0.32430022954940796,
      0.30980727076530457,
      0.29582661390304565,
      0.28426456451416016,
      0.2670001983642578,
      0.25254344940185547,
      0.24260523915290833,
      0.23297810554504395,
      0.22146624326705933
    ],
    "train_acc": [
      15.484375,
      21.94270896911621,
      26.890625,
      30.80208396911621,
      35.01041793823242,
      37.68229293823242,
      40.40625,
      42.864585876464844,
      44.958335876464844,
      46.65104293823242,
      48.192710876464844,
      50.4375,
      52.171875,
      54.1875,
      55.786460876464844,
      56.973960876464844,
      59.078125,
      60.18229293823242,
      61.375,
      62.80729293823242,
      64.0,
      64.921875,
      66.42708587646484,
      67.69792175292969,
      68.77604675292969,
      69.61979675292969,
      70.44792175292969,
      71.578125,
      72.859375,
      73.56771087646484,
      74.265625,
      75.859375,
      75.90625,
      76.81771087646484,
      77.86458587646484,
      78.671875,
      79.46354675292969,
      80.27604675292969,
      81.06771087646484,
      81.4375,
      82.25521087646484,
      83.03646087646484,
      83.828125,
      84.30208587646484,
      84.30208587646484,
      85.56771087646484,
      86.11458587646484,
      86.28125,
      86.86979675292969,
      87.890625,
      88.234375,
      88.47396087646484,
      89.02604675292969,
      89.390625,
      90.140625,
      90.65104675292969,
      91.09896087646484,
      91.22917175292969,
      91.82292175292969,
      92.078125
    ],
    "test_loss": [
      2.179452419281006,
      2.085685968399048,
      1.9608601331710815,
      1.7825878858566284,
      1.6871299743652344,
      1.6114108562469482,
      1.574357032775879,
      1.4973870515823364,
      1.4732930660247803,
      1.408993124961853,
      1.3566513061523438,
      1.3110066652297974,
      1.2752914428710938,
      1.220759630203247,
      1.2158113718032837,
      1.1536749601364136,
      1.1190309524536133,
      1.0598849058151245,
      1.0521438121795654,
      1.005514144897461,
      0.9583855271339417,
      0.9627569317817688,
      0.9096614718437195,
      0.9058007597923279,
      0.8863093852996826,
      0.8954721093177795,
      0.8337825536727905,
      0.851177990436554,
      0.8087064027786255,
      0.8053654432296753,
      0.768925130367279,
      0.8188212513923645,
      0.7623006105422974,
      0.7544814944267273,
      0.773935079574585,
      0.762678861618042,
      0.7477555871009827,
      0.7181723117828369,
      0.7520768046379089,
      0.742924153804779,
      0.7830442786216736,
      0.7684099078178406,
      0.7375743389129639,
      0.7532762289047241,
      0.7226408123970032,
      0.7502880096435547,
      0.7538033127784729,
      0.8053694367408752,
      0.8202231526374817,
      0.7510858178138733,
      0.7965264916419983,
      0.8015618324279785,
      0.81364506483078,
      0.7679583430290222,
      0.8148431181907654,
      0.7745683789253235,
      0.8593679070472717,
      0.8866915702819824,
      0.8168020248413086,
      0.8801930546760559
    ],
    "test_acc": [
      17.1875,
      20.0625,
      24.916666666666668,
      32.083333333333336,
      35.708333333333336,
      38.895833333333336,
      40.5,
      43.229166666666664,
      44.75,
      47.854166666666664,
      49.1875,
      51.708333333333336,
      53.854166666666664,
      55.791666666666664,
      56.208333333333336,
      58.479166666666664,
      59.6875,
      61.729166666666664,
      62.666666666666664,
      64.14583333333333,
      65.89583333333333,
      66.45833333333333,
      68.4375,
      68.25,
      68.85416666666667,
      69.39583333333333,
      71.29166666666667,
      71.375,
      72.75,
      73.16666666666667,
      74.83333333333333,
      73.375,
      75.04166666666667,
      75.5,
      75.27083333333333,
      75.89583333333333,
      76.0,
      77.375,
      76.8125,
      77.5,
      75.83333333333333,
      76.77083333333333,
      78.10416666666667,
      78.1875,
      78.66666666666667,
      78.39583333333333,
      78.83333333333333,
      77.5625,
      77.58333333333333,
      79.45833333333333,
      78.875,
      79.39583333333333,
      79.10416666666667,
      80.0625,
      79.75,
      79.75,
      78.97916666666667,
      78.79166666666667,
      79.83333333333333
    ]
  }
}