{
  "config": {
    "run_name": "exp2_1_L12_K256",
    "out_dir": "./results",
    "seed": 1394497705,
    "device": null,
    "bs_train": 128,
    "bs_test": 32,
    "batches": 150,
    "epochs": 70,
    "early_stopping": 5,
    "checkpoints": null,
    "lr": 0.001,
    "reg": 0.001,
    "filters_per_layer": [
      256
    ],
    "pool_every": 4,
    "hidden_dims": [
      1000
    ],
    "model_type": "ycn",
    "pooling_params": {
      "kernel_size": 2
    },
    "conv_params": {
      "kernel_size": 3,
      "stride": 1,
      "padding": 1
    },
    "activation_type": "lrelu",
    "activation_params": {
      "negative_slope": 0.05
    },
    "pooling_type": "max",
    "kw": {},
    "layers_per_block": 12
  },
  "results": {
    "num_epochs": 66,
    "train_loss": [
      2.251826524734497,
      2.0707597732543945,
      1.939112901687622,
      1.8370965719223022,
      1.7506632804870605,
      1.6781641244888306,
      1.619197130203247,
      1.5621806383132935,
      1.512704849243164,
      1.4619460105895996,
      1.4178837537765503,
      1.3760675191879272,
      1.3337095975875854,
      1.2912812232971191,
      1.2486828565597534,
      1.2117390632629395,
      1.1735401153564453,
      1.1364890336990356,
      1.1035223007202148,
      1.0709420442581177,
      1.0355966091156006,
      1.0038233995437622,
      0.9690310955047607,
      0.9422562718391418,
      0.9084061980247498,
      0.8881679177284241,
      0.8585569262504578,
      0.8333969116210938,
      0.8064629435539246,
      0.7848702073097229,
      0.7597308158874512,
      0.7316142916679382,
      0.7070890069007874,
      0.689251184463501,
      0.6640179753303528,
      0.6339123845100403,
      0.6160062551498413,
      0.6016839146614075,
      0.5915675163269043,
      0.5560210347175598,
      0.5449917912483215,
      0.5237503051757812,
      0.503834068775177,
      0.4912366271018982,
      0.4806617796421051,
      0.45046502351760864,
      0.43150079250335693,
      0.42246994376182556,
      0.4001273512840271,
      0.3916929066181183,
      0.3814370334148407,
      0.3606400489807129,
      0.349147230386734,
      0.32730722427368164,
      0.31609371304512024,
      0.30404117703437805,
      0.2931954264640808,
      0.2836090922355652,
      0.2627934217453003,
      0.25569307804107666,
      0.24224936962127686,
      0.2308710515499115,
      0.22837282717227936,
      0.20905110239982605,
      0.20812399685382843,
      0.18955989181995392
    ],
    "train_acc": [
      14.78125,
      22.203125,
      26.42708396911621,
      30.744792938232422,
      34.02604293823242,
      36.770835876464844,
      39.55729293823242,
      42.29166793823242,
      43.83854293823242,
      46.04166793823242,
      47.57291793823242,
      49.442710876464844,
      51.265625,
      52.864585876464844,
      53.953125,
      56.0,
      57.71354293823242,
      58.71875,
      60.208335876464844,
      61.61979293823242,
      62.609375,
      63.80729293823242,
      65.03125,
      66.42708587646484,
      67.41146087646484,
      68.03125,
      69.28646087646484,
      70.234375,
      71.28646087646484,
      71.92708587646484,
      72.984375,
      73.703125,
      74.64583587646484,
      75.53646087646484,
      76.49479675292969,
      77.265625,
      77.88021087646484,
      78.47917175292969,
      78.97917175292969,
      80.22396087646484,
      80.69271087646484,
      81.46875,
      82.16667175292969,
      82.83333587646484,
      83.02083587646484,
      84.26042175292969,
      84.69271087646484,
      84.875,
      85.90104675292969,
      86.26042175292969,
      86.390625,
      86.96875,
      87.59375,
      88.47917175292969,
      88.85417175292969,
      89.390625,
      89.578125,
      89.984375,
      90.84375,
      90.97396087646484,
      91.44271087646484,
      91.83333587646484,
      91.9375,
      92.53646087646484,
      92.58333587646484,
      93.34375
    ],
    "test_loss": [
      2.2114129066467285,
      2.1274986267089844,
      2.0374484062194824,
      1.8918474912643433,
      1.8028916120529175,
      1.697469711303711,
      1.619375228881836,
      1.5695221424102783,
      1.496321201324463,
      1.4594800472259521,
      1.394481897354126,
      1.3360137939453125,
      1.2894718647003174,
      1.269700288772583,
      1.2234869003295898,
      1.1723238229751587,
      1.1941678524017334,
      1.0958726406097412,
      1.0647716522216797,
      1.0549741983413696,
      1.014580249786377,
      1.0037434101104736,
      0.9461734890937805,
      0.9261845946311951,
      0.9075613617897034,
      0.8977453708648682,
      0.8937658667564392,
      0.8920750021934509,
      0.828482449054718,
      0.8109344840049744,
      0.8161052465438843,
      0.8174070119857788,
      0.7921754121780396,
      0.7840610146522522,
      0.7685155868530273,
      0.7502325177192688,
      0.7629280090332031,
      0.723004937171936,
      0.7170512676239014,
      0.7228580117225647,
      0.7585511803627014,
      0.728500485420227,
      0.7232245802879333,
      0.7026039958000183,
      0.7209726572036743,
      0.7634537220001221,
      0.723982572555542,
      0.7588388323783875,
      0.7333171963691711,
      0.717711865901947,
      0.7261444330215454,
      0.7384579181671143,
      0.7403458952903748,
      0.778277575969696,
      0.7756983041763306,
      0.7538708448410034,
      0.7815418243408203,
      0.780035674571991,
      0.7930580377578735,
      0.7615843415260315,
      0.8147717714309692,
      0.8098042011260986,
      0.8003035187721252,
      0.850794792175293,
      0.815431535243988,
      0.8345101475715637
    ],
    "test_acc": [
      17.0625,
      19.583333333333332,
      23.104166666666668,
      28.479166666666668,
      32.375,
      36.020833333333336,
      38.9375,
      40.520833333333336,
      43.645833333333336,
      45.916666666666664,
      47.833333333333336,
      50.895833333333336,
      52.958333333333336,
      54.0,
      55.770833333333336,
      57.541666666666664,
      57.3125,
      60.5,
      61.333333333333336,
      61.895833333333336,
      64.52083333333333,
      64.5625,
      66.33333333333333,
      67.375,
      67.875,
      68.5625,
      69.3125,
      69.70833333333333,
      71.20833333333333,
      71.89583333333333,
      72.16666666666667,
      72.41666666666667,
      73.375,
      73.79166666666667,
      74.45833333333333,
      75.45833333333333,
      75.45833333333333,
      76.20833333333333,
      76.72916666666667,
      77.0,
      76.25,
      77.39583333333333,
      77.29166666666667,
      77.41666666666667,
      78.60416666666667,
      77.47916666666667,
      78.66666666666667,
      78.33333333333333,
      78.75,
      78.79166666666667,
      79.08333333333333,
      79.3125,
      79.3125,
      79.375,
      79.25,
      79.83333333333333,
      79.9375,
      79.45833333333333,
      79.79166666666667,
      80.79166666666667,
      79.97916666666667,
      79.875,
      79.4375,
      79.75,
      80.08333333333333
    ]
  }
}