{
  "config": {
    "run_name": "exp2_1_L6_K256",
    "out_dir": "./results",
    "seed": 483519505,
    "device": null,
    "bs_train": 128,
    "bs_test": 32,
    "batches": 150,
    "epochs": 70,
    "early_stopping": 5,
    "checkpoints": null,
    "lr": 0.001,
    "reg": 0.001,
    "filters_per_layer": [
      256
    ],
    "pool_every": 4,
    "hidden_dims": [
      1000
    ],
    "model_type": "ycn",
    "pooling_params": {
      "kernel_size": 2
    },
    "conv_params": {
      "kernel_size": 3,
      "stride": 1,
      "padding": 1
    },
    "activation_type": "lrelu",
    "activation_params": {
      "negative_slope": 0.05
    },
    "pooling_type": "max",
    "kw": {},
    "layers_per_block": 6
  },
  "results": {
    "num_epochs": 34,
    "train_loss": [
      1.992103934288025,
      1.6450423002243042,
      1.5155327320098877,
      1.4189363718032837,
      1.3452082872390747,
      1.274726390838623,
      1.2103705406188965,
      1.1483137607574463,
      1.0953539609909058,
      1.0410265922546387,
      0.9929887056350708,
      0.9381263256072998,
      0.8884117603302002,
      0.840065062046051,
      0.7923932671546936,
      0.7387049198150635,
      0.6901111602783203,
      0.6403903961181641,
      0.5963371992111206,
      0.5442443490028381,
      0.4900941550731659,
      0.44682809710502625,
      0.40067988634109497,
      0.35486358404159546,
      0.31855180859565735,
      0.28150659799575806,
      0.2493080198764801,
      0.22445625066757202,
      0.2016630470752716,
      0.18587900698184967,
      0.178611159324646,
      0.1624843329191208,
      0.16106852889060974,
      0.1665872484445572
    ],
    "train_acc": [
      28.52083396911621,
      41.49479293823242,
      45.708335876464844,
      49.421875,
      52.10416793823242,
      55.052085876464844,
      57.453125,
      59.30729293823242,
      61.40104293823242,
      63.083335876464844,
      65.35417175292969,
      67.55208587646484,
      69.546875,
      70.734375,
      72.91146087646484,
      74.97396087646484,
      76.65625,
      78.47917175292969,
      80.515625,
      82.56771087646484,
      84.63542175292969,
      86.20833587646484,
      87.89583587646484,
      89.50521087646484,
      91.00521087646484,
      92.4375,
      93.39583587646484,
      94.05208587646484,
      94.98958587646484,
      95.33333587646484,
      95.65104675292969,
      96.109375,
      95.828125,
      95.453125
    ],
    "test_loss": [
      1.7938816547393799,
      1.633278727531433,
      1.5148340463638306,
      1.4254918098449707,
      1.3594006299972534,
      1.3198976516723633,
      1.2747951745986938,
      1.2190659046173096,
      1.1932930946350098,
      1.1695783138275146,
      1.136452317237854,
      1.1191378831863403,
      1.0756112337112427,
      1.0737245082855225,
      1.0253559350967407,
      1.0457721948623657,
      1.0120222568511963,
      1.0114686489105225,
      1.0195376873016357,
      1.023141622543335,
      1.0346108675003052,
      1.0248281955718994,
      1.0397950410842896,
      1.0670166015625,
      1.06291663646698,
      1.073512315750122,
      1.0958510637283325,
      1.088804006576538,
      1.119675874710083,
      1.1861824989318848,
      1.1692619323730469,
      1.212134838104248,
      1.2637014389038086,
      1.3478108644485474
    ],
    "test_acc": [
      35.583333333333336,
      41.354166666666664,
      44.729166666666664,
      48.375,
      51.520833333333336,
      53.75,
      55.375,
      57.25,
      57.833333333333336,
      58.833333333333336,
      59.791666666666664,
      60.604166666666664,
      62.3125,
      62.833333333333336,
      64.66666666666667,
      64.72916666666667,
      65.3125,
      65.85416666666667,
      65.5625,
      65.72916666666667,
      66.0,
      66.27083333333333,
      66.27083333333333,
      65.60416666666667,
      65.95833333333333,
      66.5625,
      66.39583333333333,
      67.22916666666667,
      66.5625,
      65.58333333333333,
      66.125,
      65.79166666666667,
      65.0625
    ]
  }
}