{
  "config": {
    "run_name": "exp2_1_L15_K64",
    "out_dir": "./results",
    "seed": 1184662852,
    "device": null,
    "bs_train": 128,
    "bs_test": 32,
    "batches": 150,
    "epochs": 70,
    "early_stopping": 5,
    "checkpoints": null,
    "lr": 0.001,
    "reg": 0.001,
    "filters_per_layer": [
      64
    ],
    "pool_every": 4,
    "hidden_dims": [
      1000
    ],
    "model_type": "ycn",
    "pooling_params": {
      "kernel_size": 2
    },
    "conv_params": {
      "kernel_size": 3,
      "stride": 1,
      "padding": 1
    },
    "activation_type": "lrelu",
    "activation_params": {
      "negative_slope": 0.05
    },
    "pooling_type": "max",
    "kw": {},
    "layers_per_block": 15
  },
  "results": {
    "num_epochs": 70,
    "train_loss": [
      2.276188373565674,
      2.149179697036743,
      2.066265106201172,
      1.9984409809112549,
      1.9202362298965454,
      1.855493187904358,
      1.8045363426208496,
      1.748532772064209,
      1.7000768184661865,
      1.659530520439148,
      1.619617223739624,
      1.5825681686401367,
      1.5441803932189941,
      1.5158082246780396,
      1.4914679527282715,
      1.467107892036438,
      1.4362822771072388,
      1.4134100675582886,
      1.3871554136276245,
      1.3652634620666504,
      1.3397608995437622,
      1.312772512435913,
      1.2900900840759277,
      1.2693636417388916,
      1.2470051050186157,
      1.2218055725097656,
      1.206752061843872,
      1.1831308603286743,
      1.160927176475525,
      1.147247314453125,
      1.1280198097229004,
      1.1067311763763428,
      1.0939401388168335,
      1.0698895454406738,
      1.0609699487686157,
      1.0400135517120361,
      1.0321166515350342,
      1.0040189027786255,
      0.9888963103294373,
      0.9698302149772644,
      0.9602341651916504,
      0.9466764330863953,
      0.9266917705535889,
      0.9193905591964722,
      0.9052445292472839,
      0.8903792500495911,
      0.8754221796989441,
      0.8679513335227966,
      0.8535477519035339,
      0.8442466855049133,
      0.838581919670105,
      0.8193486332893372,
      0.8107514977455139,
      0.7999095916748047,
      0.7873197197914124,
      0.78504878282547,
      0.7651855945587158,
      0.7636985778808594,
      0.7547325491905212,
      0.7406620979309082,
      0.7294730544090271,
      0.7241060137748718,
      0.7123574018478394,
      0.7128391861915588,
      0.7048237919807434,
      0.6909420490264893,
      0.6754456758499146,
      0.6695218682289124,
      0.6610540151596069,
      0.6598671674728394
    ],
    "train_acc": [
      12.786458969116211,
      18.713542938232422,
      21.09375,
      23.50520896911621,
      26.619792938232422,
      29.385417938232422,
      31.244792938232422,
      33.677085876464844,
      35.13541793823242,
      36.82291793823242,
      38.989585876464844,
      40.927085876464844,
      41.94791793823242,
      43.60416793823242,
      44.723960876464844,
      45.77604293823242,
      46.47916793823242,
      47.578125,
      48.671875,
      49.57291793823242,
      51.130210876464844,
      51.546875,
      52.5,
      53.411460876464844,
      54.630210876464844,
      55.69791793823242,
      56.05729293823242,
      56.94791793823242,
      57.86979293823242,
      58.5625,
      59.44791793823242,
      60.38541793823242,
      60.625,
      61.43229293823242,
      61.15104293823242,
      62.130210876464844,
      62.75,
      63.583335876464844,
      64.515625,
      64.94792175292969,
      65.63021087646484,
      66.078125,
      66.80208587646484,
      67.171875,
      67.91146087646484,
      68.43229675292969,
      68.53646087646484,
      68.53125,
      69.671875,
      69.80208587646484,
      70.09896087646484,
      70.9375,
      71.36458587646484,
      71.44792175292969,
      72.24479675292969,
      72.15104675292969,
      73.125,
      73.22917175292969,
      73.30729675292969,
      73.609375,
      74.4375,
      74.35417175292969,
      74.875,
      74.96354675292969,
      75.02604675292969,
      75.609375,
      76.08333587646484,
      76.5,
      76.74479675292969,
      77.140625
    ],
    "test_loss": [
      2.230354070663452,
      2.1398706436157227,
      2.0713119506835938,
      2.004668712615967,
      1.8736116886138916,
      1.8096742630004883,
      1.7922977209091187,
      1.687651515007019,
      1.6257381439208984,
      1.5899420976638794,
      1.5475186109542847,
      1.4939898252487183,
      1.4696305990219116,
      1.4064052104949951,
      1.389316439628601,
      1.4056164026260376,
      1.3357648849487305,
      1.3022979497909546,
      1.277195692062378,
      1.2576987743377686,
      1.2553791999816895,
      1.19296133518219,
      1.183882713317871,
      1.1771540641784668,
      1.1189157962799072,
      1.1323206424713135,
      1.099780797958374,
      1.072806715965271,
      1.0524780750274658,
      1.0374130010604858,
      1.0328545570373535,
      1.0166337490081787,
      0.9868110418319702,
      0.969360888004303,
      0.9883201122283936,
      0.9467180371284485,
      0.9288380742073059,
      0.9246463775634766,
      0.9055338501930237,
      0.8950574994087219,
      0.8627445697784424,
      0.8825480937957764,
      0.8736605048179626,
      0.8457826972007751,
      0.8515816330909729,
      0.8208413124084473,
      0.8203271627426147,
      0.8160789012908936,
      0.8204732537269592,
      0.8322902321815491,
      0.8087144494056702,
      0.8319211006164551,
      0.7875779867172241,
      0.7796018123626709,
      0.7827114462852478,
      0.7683280110359192,
      0.8007047772407532,
      0.7699885964393616,
      0.7537936568260193,
      0.7617347240447998,
      0.7379061579704285,
      0.758816659450531,
      0.7520155906677246,
      0.7337753772735596,
      0.7483822107315063,
      0.7399455904960632,
      0.7866998910903931,
      0.7142879366874695,
      0.7474166750907898,
      0.7242754697799683
    ],
    "test_acc": [
      16.4375,
      18.895833333333332,
      20.9375,
      24.479166666666668,
      29.020833333333332,
      31.333333333333332,
      32.208333333333336,
      35.708333333333336,
      38.4375,
      40.333333333333336,
      41.833333333333336,
      44.020833333333336,
      45.791666666666664,
      47.6875,
      48.833333333333336,
      48.895833333333336,
      51.270833333333336,
      52.145833333333336,
      53.208333333333336,
      54.395833333333336,
      54.625,
      57.0,
      57.458333333333336,
      57.645833333333336,
      59.375,
      58.645833333333336,
      60.270833333333336,
      60.958333333333336,
      62.354166666666664,
      63.0,
      63.583333333333336,
      64.14583333333333,
      64.79166666666667,
      65.9375,
      66.0,
      66.9375,
      67.9375,
      67.875,
      68.77083333333333,
      69.29166666666667,
      69.5,
      69.64583333333333,
      69.97916666666667,
      70.39583333333333,
      70.91666666666667,
      71.3125,
      71.47916666666667,
      72.08333333333333,
      71.6875,
      71.8125,
      72.6875,
      72.20833333333333,
      73.27083333333333,
      73.4375,
      73.64583333333333,
      74.1875,
      74.14583333333333,
      74.45833333333333,
      74.6875,
      75.02083333333333,
      75.66666666666667,
      75.20833333333333,
      75.66666666666667,
      76.0,
      75.54166666666667,
      75.95833333333333,
      75.35416666666667,
      77.14583333333333,
      75.91666666666667,
      76.6875
    ]
  }
}