{
  "config": {
    "run_name": "exp2_1_L12_K128",
    "out_dir": "./results",
    "seed": 1411546844,
    "device": null,
    "bs_train": 128,
    "bs_test": 32,
    "batches": 150,
    "epochs": 70,
    "early_stopping": 5,
    "checkpoints": null,
    "lr": 0.001,
    "reg": 0.001,
    "filters_per_layer": [
      128
    ],
    "pool_every": 4,
    "hidden_dims": [
      1000
    ],
    "model_type": "ycn",
    "pooling_params": {
      "kernel_size": 2
    },
    "conv_params": {
      "kernel_size": 3,
      "stride": 1,
      "padding": 1
    },
    "activation_type": "lrelu",
    "activation_params": {
      "negative_slope": 0.05
    },
    "pooling_type": "max",
    "kw": {},
    "layers_per_block": 12
  },
  "results": {
    "num_epochs": 70,
    "train_loss": [
      2.279017448425293,
      2.141491174697876,
      2.032083511352539,
      1.9398696422576904,
      1.863013744354248,
      1.8016221523284912,
      1.7415521144866943,
      1.6790751218795776,
      1.6309492588043213,
      1.586419939994812,
      1.5502926111221313,
      1.5136076211929321,
      1.473648190498352,
      1.448310136795044,
      1.415639877319336,
      1.379095435142517,
      1.3516945838928223,
      1.3156932592391968,
      1.2816754579544067,
      1.2539324760437012,
      1.2271356582641602,
      1.1929521560668945,
      1.1566755771636963,
      1.1324416399002075,
      1.113076090812683,
      1.081508994102478,
      1.065131664276123,
      1.0399587154388428,
      1.0118532180786133,
      0.9880378246307373,
      0.9711001515388489,
      0.9485161304473877,
      0.925922155380249,
      0.907911479473114,
      0.8853163719177246,
      0.8632043600082397,
      0.8485469222068787,
      0.8339322805404663,
      0.8066595792770386,
      0.7946354150772095,
      0.7787783145904541,
      0.7578332424163818,
      0.7415831685066223,
      0.7224995493888855,
      0.7087545394897461,
      0.7011650204658508,
      0.6820737719535828,
      0.6710830926895142,
      0.6553027629852295,
      0.6324571967124939,
      0.6235914826393127,
      0.6079033613204956,
      0.5966764092445374,
      0.5883182287216187,
      0.5761088132858276,
      0.5617995858192444,
      0.5385314226150513,
      0.538992166519165,
      0.5234371423721313,
      0.5110602974891663,
      0.4989359676837921,
      0.49504297971725464,
      0.4731577932834625,
      0.4671016037464142,
      0.45910465717315674,
      0.45177745819091797,
      0.43832504749298096,
      0.4301634728908539,
      0.41379696130752563,
      0.40570685267448425
    ],
    "train_acc": [
      13.25,
      19.72395896911621,
      22.41145896911621,
      25.75520896911621,
      29.072917938232422,
      31.47395896911621,
      34.18229293823242,
      36.484375,
      38.859375,
      40.68229293823242,
      42.114585876464844,
      44.01041793823242,
      45.052085876464844,
      46.22916793823242,
      47.46875,
      49.078125,
      50.265625,
      51.927085876464844,
      53.26041793823242,
      54.76041793823242,
      55.58854293823242,
      56.739585876464844,
      57.890625,
      58.942710876464844,
      59.71354293823242,
      61.046875,
      62.145835876464844,
      62.546875,
      63.59375,
      64.34375,
      64.94792175292969,
      65.90625,
      66.83333587646484,
      67.75,
      68.25,
      69.078125,
      69.609375,
      70.34896087646484,
      71.47917175292969,
      71.69792175292969,
      72.33854675292969,
      72.97917175292969,
      73.53646087646484,
      74.10417175292969,
      75.03646087646484,
      75.0625,
      75.97396087646484,
      76.234375,
      76.8125,
      77.94792175292969,
      78.11458587646484,
      78.67708587646484,
      78.953125,
      79.078125,
      79.57292175292969,
      80.16146087646484,
      81.13021087646484,
      80.84896087646484,
      81.296875,
      82.09896087646484,
      82.453125,
      82.60417175292969,
      83.33333587646484,
      83.34375,
      83.94792175292969,
      83.90104675292969,
      84.30729675292969,
      84.84375,
      85.375,
      85.61458587646484
    ],
    "test_loss": [
      2.2380197048187256,
      2.138655424118042,
      2.0626907348632812,
      1.9579015970230103,
      1.8740012645721436,
      1.7767795324325562,
      1.6857796907424927,
      1.639652132987976,
      1.5587477684020996,
      1.5391640663146973,
      1.4897775650024414,
      1.4598102569580078,
      1.4588550329208374,
      1.4132111072540283,
      1.3625303506851196,
      1.3311973810195923,
      1.2876555919647217,
      1.2484859228134155,
      1.2140076160430908,
      1.1831072568893433,
      1.1513983011245728,
      1.1240792274475098,
      1.1038955450057983,
      1.0906898975372314,
      1.0391567945480347,
      1.0161150693893433,
      1.0583053827285767,
      0.9791170358657837,
      0.9469546675682068,
      0.9557526707649231,
      0.9212705492973328,
      0.9136366844177246,
      0.8987405300140381,
      0.8795928955078125,
      0.843419075012207,
      0.8375356793403625,
      0.8370121717453003,
      0.8347537517547607,
      0.8169761896133423,
      0.7968277931213379,
      0.7744039297103882,
      0.8298919200897217,
      0.7997345328330994,
      0.7530211210250854,
      0.7547374963760376,
      0.7391467094421387,
      0.7523884177207947,
      0.7336885929107666,
      0.7183250188827515,
      0.7491998076438904,
      0.73047935962677,
      0.7333230376243591,
      0.7376039028167725,
      0.7351198792457581,
      0.7266567349433899,
      0.7500443458557129,
      0.7084230184555054,
      0.7244707345962524,
      0.7473690509796143,
      0.6857391595840454,
      0.7115266919136047,
      0.7155792117118835,
      0.7366269826889038,
      0.7129083275794983,
      0.7131824493408203,
      0.6986818313598633,
      0.7651961445808411,
      0.7159444689750671,
      0.7768523097038269,
      0.7618527412414551
    ],
    "test_acc": [
      16.125,
      18.4375,
      21.625,
      26.645833333333332,
      29.479166666666668,
      33.583333333333336,
      36.5625,
      38.520833333333336,
      41.354166666666664,
      42.958333333333336,
      44.645833333333336,
      45.666666666666664,
      46.25,
      47.5625,
      50.083333333333336,
      51.645833333333336,
      53.395833333333336,
      55.229166666666664,
      55.666666666666664,
      56.666666666666664,
      58.104166666666664,
      58.854166666666664,
      60.395833333333336,
      60.979166666666664,
      62.375,
      64.10416666666667,
      62.6875,
      65.0625,
      66.41666666666667,
      66.27083333333333,
      67.25,
      68.14583333333333,
      68.77083333333333,
      69.16666666666667,
      70.8125,
      70.83333333333333,
      70.875,
      71.04166666666667,
      71.79166666666667,
      72.875,
      73.4375,
      71.58333333333333,
      72.5625,
      74.66666666666667,
      74.3125,
      75.14583333333333,
      74.6875,
      75.58333333333333,
      76.16666666666667,
      75.60416666666667,
      75.95833333333333,
      76.1875,
      76.33333333333333,
      76.3125,
      76.77083333333333,
      76.02083333333333,
      77.64583333333333,
      77.875,
      77.0,
      78.70833333333333,
      78.1875,
      78.375,
      77.6875,
      78.60416666666667,
      78.72916666666667,
      79.375,
      77.83333333333333,
      78.29166666666667,
      78.39583333333333,
      78.20833333333333
    ]
  }
}