{
  "config": {
    "run_name": "exp2_1_L9_K256",
    "out_dir": "./results",
    "seed": 1482466690,
    "device": null,
    "bs_train": 128,
    "bs_test": 32,
    "batches": 150,
    "epochs": 70,
    "early_stopping": 5,
    "checkpoints": null,
    "lr": 0.001,
    "reg": 0.001,
    "filters_per_layer": [
      256
    ],
    "pool_every": 4,
    "hidden_dims": [
      1000
    ],
    "model_type": "ycn",
    "pooling_params": {
      "kernel_size": 2
    },
    "conv_params": {
      "kernel_size": 3,
      "stride": 1,
      "padding": 1
    },
    "activation_type": "lrelu",
    "activation_params": {
      "negative_slope": 0.05
    },
    "pooling_type": "max",
    "kw": {},
    "layers_per_block": 9
  },
  "results": {
    "num_epochs": 70,
    "train_loss": [
      2.1916167736053467,
      1.9274080991744995,
      1.7392860651016235,
      1.6258504390716553,
      1.5523934364318848,
      1.493873953819275,
      1.4389082193374634,
      1.3932850360870361,
      1.352921485900879,
      1.3059875965118408,
      1.2709660530090332,
      1.2318236827850342,
      1.2013843059539795,
      1.163601279258728,
      1.1256673336029053,
      1.0976999998092651,
      1.062551736831665,
      1.0408982038497925,
      1.0070403814315796,
      0.9823955297470093,
      0.9492714405059814,
      0.9237170219421387,
      0.9011223316192627,
      0.8769070506095886,
      0.851294219493866,
      0.8364534974098206,
      0.8158732652664185,
      0.7906981110572815,
      0.7751858830451965,
      0.7595657706260681,
      0.7310605645179749,
      0.7130663990974426,
      0.6969169974327087,
      0.6857838034629822,
      0.66155606508255,
      0.6444054245948792,
      0.6379036903381348,
      0.61711186170578,
      0.6014112234115601,
      0.5884900689125061,
      0.5766346454620361,
      0.5596242547035217,
      0.5441950559616089,
      0.5332620739936829,
      0.5211140513420105,
      0.5111051201820374,
      0.4912106692790985,
      0.48435795307159424,
      0.465622216463089,
      0.4623839855194092,
      0.4470774233341217,
      0.43810683488845825,
      0.42576831579208374,
      0.4102480709552765,
      0.40923649072647095,
      0.39470696449279785,
      0.3858835995197296,
      0.36786141991615295,
      0.3653905987739563,
      0.357576847076416,
      0.3441677689552307,
      0.33352038264274597,
      0.32381147146224976,
      0.31832894682884216,
      0.3110339045524597,
      0.2994478642940521,
      0.2933201491832733,
      0.28207606077194214,
      0.2752941846847534,
      0.25645196437835693
    ],
    "train_acc": [
      18.135417938232422,
      30.09375,
      37.25,
      41.036460876464844,
      43.515625,
      45.96875,
      47.802085876464844,
      49.348960876464844,
      51.328125,
      53.145835876464844,
      54.40625,
      55.817710876464844,
      57.114585876464844,
      58.484375,
      59.99479293823242,
      60.864585876464844,
      62.1875,
      63.036460876464844,
      64.55208587646484,
      65.45833587646484,
      66.33854675292969,
      67.265625,
      68.171875,
      68.96875,
      70.02604675292969,
      70.421875,
      71.36458587646484,
      71.96354675292969,
      72.55729675292969,
      73.38542175292969,
      74.34375,
      75.00521087646484,
      75.66667175292969,
      76.140625,
      76.71354675292969,
      77.328125,
      77.43229675292969,
      78.18229675292969,
      79.13021087646484,
      79.4375,
      79.57292175292969,
      80.61458587646484,
      81.16667175292969,
      81.08333587646484,
      81.73958587646484,
      81.953125,
      82.875,
      82.953125,
      83.67708587646484,
      83.90104675292969,
      84.24479675292969,
      84.796875,
      85.11979675292969,
      85.90625,
      85.71875,
      86.375,
      86.55729675292969,
      87.15104675292969,
      87.08333587646484,
      87.34375,
      87.83854675292969,
      88.515625,
      88.71354675292969,
      88.734375,
      89.05208587646484,
      89.63021087646484,
      89.80729675292969,
      90.09896087646484,
      90.49479675292969,
      91.203125
    ],
    "test_loss": [
      2.090977430343628,
      1.914946436882019,
      1.7552028894424438,
      1.6222366094589233,
      1.5540815591812134,
      1.4831053018569946,
      1.4257416725158691,
      1.377560019493103,
      1.3461941480636597,
      1.2917022705078125,
      1.2391090393066406,
      1.2206523418426514,
      1.192107081413269,
      1.154257893562317,
      1.1505630016326904,
      1.1051514148712158,
      1.079005479812622,
      1.0599253177642822,
      1.0135526657104492,
      0.9864144921302795,
      0.9768297076225281,
      0.9434176683425903,
      0.9398485422134399,
      0.9050252437591553,
      0.891767680644989,
      0.8817206025123596,
      0.8830481171607971,
      0.840984046459198,
      0.8320334553718567,
      0.8210455179214478,
      0.8268039226531982,
      0.803372859954834,
      0.8037014007568359,
      0.7778751254081726,
      0.7892270684242249,
      0.7699998617172241,
      0.7621998190879822,
      0.7577347755432129,
      0.7352160215377808,
      0.7809882164001465,
      0.7425628304481506,
      0.7251913547515869,
      0.7454191446304321,
      0.7253204584121704,
      0.7187439203262329,
      0.7096413969993591,
      0.7223421931266785,
      0.7250397205352783,
      0.7174819111824036,
      0.7174394726753235,
      0.7166319489479065,
      0.7262716889381409,
      0.7199625968933105,
      0.7066394686698914,
      0.7330016493797302,
      0.7085257172584534,
      0.7176902294158936,
      0.7129985690116882,
      0.7070614695549011,
      0.7238419651985168,
      0.7160395979881287,
      0.7332896590232849,
      0.7369554042816162,
      0.6937618255615234,
      0.7279390096664429,
      0.712030827999115,
      0.7444307208061218,
      0.720702588558197,
      0.7807821035385132,
      0.731522262096405
    ],
    "test_acc": [
      23.354166666666668,
      31.354166666666668,
      35.541666666666664,
      39.625,
      42.25,
      45.1875,
      47.729166666666664,
      50.25,
      51.729166666666664,
      53.708333333333336,
      55.458333333333336,
      56.270833333333336,
      57.645833333333336,
      58.9375,
      59.083333333333336,
      60.645833333333336,
      61.9375,
      62.770833333333336,
      64.66666666666667,
      65.64583333333333,
      65.60416666666667,
      67.35416666666667,
      67.10416666666667,
      68.1875,
      68.97916666666667,
      69.45833333333333,
      69.64583333333333,
      71.14583333333333,
      71.4375,
      72.125,
      72.0,
      72.89583333333333,
      72.52083333333333,
      73.89583333333333,
      73.1875,
      74.375,
      74.22916666666667,
      74.97916666666667,
      75.16666666666667,
      74.52083333333333,
      75.125,
      75.6875,
      75.08333333333333,
      75.83333333333333,
      76.75,
      77.08333333333333,
      77.10416666666667,
      77.20833333333333,
      77.16666666666667,
      77.35416666666667,
      77.14583333333333,
      77.35416666666667,
      77.625,
      78.10416666666667,
      77.77083333333333,
      78.29166666666667,
      77.54166666666667,
      78.66666666666667,
      78.9375,
      78.20833333333333,
      78.20833333333333,
      78.16666666666667,
      78.0625,
      79.22916666666667,
      78.75,
      78.8125,
      78.4375,
      79.0625,
      78.35416666666667
    ]
  }
}