{
  "config": {
    "run_name": "exp2_1_L6_K32",
    "out_dir": "./results",
    "seed": 69139065,
    "device": null,
    "bs_train": 128,
    "bs_test": 32,
    "batches": 150,
    "epochs": 70,
    "early_stopping": 5,
    "checkpoints": null,
    "lr": 0.001,
    "reg": 0.001,
    "filters_per_layer": [
      32
    ],
    "pool_every": 4,
    "hidden_dims": [
      1000
    ],
    "model_type": "ycn",
    "pooling_params": {
      "kernel_size": 2
    },
    "conv_params": {
      "kernel_size": 3,
      "stride": 1,
      "padding": 1
    },
    "activation_type": "lrelu",
    "activation_params": {
      "negative_slope": 0.05
    },
    "pooling_type": "max",
    "kw": {},
    "layers_per_block": 6
  },
  "results": {
    "num_epochs": 46,
    "train_loss": [
      2.1777491569519043,
      1.9204297065734863,
      1.773138403892517,
      1.6831629276275635,
      1.62520170211792,
      1.576074242591858,
      1.5364867448806763,
      1.4924321174621582,
      1.4577434062957764,
      1.427085041999817,
      1.3925377130508423,
      1.3612549304962158,
      1.3325098752975464,
      1.303533911705017,
      1.2724591493606567,
      1.2462180852890015,
      1.2205101251602173,
      1.1903730630874634,
      1.1612414121627808,
      1.1419622898101807,
      1.1114267110824585,
      1.0897005796432495,
      1.0672749280929565,
      1.0380839109420776,
      1.0167814493179321,
      0.9847910404205322,
      0.9643766283988953,
      0.9451584815979004,
      0.9209780097007751,
      0.893505871295929,
      0.8683084845542908,
      0.8469940423965454,
      0.8257860541343689,
      0.8023149371147156,
      0.7748257517814636,
      0.7498027682304382,
      0.7212490439414978,
      0.6964914202690125,
      0.6693967580795288,
      0.6520692706108093,
      0.6205177903175354,
      0.5952077507972717,
      0.5766311883926392,
      0.5497143268585205,
      0.5211127400398254,
      0.49997445940971375
    ],
    "train_acc": [
      20.0625,
      32.22916793823242,
      37.30729293823242,
      40.61979293823242,
      42.6875,
      43.859375,
      45.625,
      46.96354293823242,
      48.19791793823242,
      49.192710876464844,
      50.286460876464844,
      51.8125,
      52.677085876464844,
      54.005210876464844,
      55.083335876464844,
      56.09375,
      56.552085876464844,
      58.109375,
      58.97916793823242,
      59.765625,
      61.16666793823242,
      61.5625,
      62.69791793823242,
      63.661460876464844,
      64.5,
      65.88542175292969,
      66.27083587646484,
      67.234375,
      67.80729675292969,
      69.35417175292969,
      69.84896087646484,
      70.765625,
      71.34896087646484,
      72.52083587646484,
      73.41667175292969,
      74.65104675292969,
      75.47396087646484,
      76.3125,
      77.47917175292969,
      78.11979675292969,
      79.39583587646484,
      80.31771087646484,
      81.10417175292969,
      81.921875,
      83.08854675292969,
      83.578125
    ],
    "test_loss": [
      1.983404517173767,
      1.774034023284912,
      1.676938533782959,
      1.5916308164596558,
      1.5453723669052124,
      1.4997189044952393,
      1.4834262132644653,
      1.4570047855377197,
      1.41546630859375,
      1.4151111841201782,
      1.3573977947235107,
      1.3467353582382202,
      1.3288590908050537,
      1.2932782173156738,
      1.2911630868911743,
      1.2667365074157715,
      1.2187659740447998,
      1.2223989963531494,
      1.1882277727127075,
      1.1727542877197266,
      1.1572149991989136,
      1.1526679992675781,
      1.1217252016067505,
      1.1242127418518066,
      1.111811637878418,
      1.099469542503357,
      1.0767024755477905,
      1.0665565729141235,
      1.059714436531067,
      1.0655077695846558,
      1.0480226278305054,
      1.0401149988174438,
      1.042968511581421,
      1.0259125232696533,
      1.019619107246399,
      1.043861746788025,
      1.0430821180343628,
      1.0356389284133911,
      1.057125449180603,
      1.03696870803833,
      1.0325958728790283,
      1.0540372133255005,
      1.0467000007629395,
      1.0642364025115967,
      1.0885471105575562,
      1.1147972345352173
    ],
    "test_acc": [
      30.145833333333332,
      39.479166666666664,
      41.270833333333336,
      44.229166666666664,
      45.333333333333336,
      46.958333333333336,
      47.666666666666664,
      47.895833333333336,
      49.75,
      50.3125,
      51.979166666666664,
      52.416666666666664,
      53.229166666666664,
      54.833333333333336,
      54.729166666666664,
      55.791666666666664,
      57.270833333333336,
      57.0,
      57.895833333333336,
      58.645833333333336,
      59.395833333333336,
      59.0,
      60.291666666666664,
      60.354166666666664,
      60.583333333333336,
      61.604166666666664,
      62.3125,
      62.208333333333336,
      62.791666666666664,
      63.0625,
      63.416666666666664,
      63.708333333333336,
      64.02083333333333,
      64.08333333333333,
      64.85416666666667,
      63.416666666666664,
      64.22916666666667,
      64.41666666666667,
      63.895833333333336,
      64.85416666666667,
      64.5,
      64.66666666666667,
      64.52083333333333,
      64.39583333333333,
      63.895833333333336
    ]
  }
}