{
  "config": {
    "run_name": "exp2_1_L12_K64",
    "out_dir": "./results",
    "seed": 394176914,
    "device": null,
    "bs_train": 128,
    "bs_test": 32,
    "batches": 150,
    "epochs": 70,
    "early_stopping": 5,
    "checkpoints": null,
    "lr": 0.001,
    "reg": 0.001,
    "filters_per_layer": [
      64
    ],
    "pool_every": 4,
    "hidden_dims": [
      1000
    ],
    "model_type": "ycn",
    "pooling_params": {
      "kernel_size": 2
    },
    "conv_params": {
      "kernel_size": 3,
      "stride": 1,
      "padding": 1
    },
    "activation_type": "lrelu",
    "activation_params": {
      "negative_slope": 0.05
    },
    "pooling_type": "max",
    "kw": {},
    "layers_per_block": 12
  },
  "results": {
    "num_epochs": 70,
    "train_loss": [
      2.2836878299713135,
      2.1583759784698486,
      2.0502431392669678,
      1.9811798334121704,
      1.910881757736206,
      1.8453757762908936,
      1.79290771484375,
      1.7469087839126587,
      1.7101362943649292,
      1.6748218536376953,
      1.6389273405075073,
      1.6062934398651123,
      1.5739219188690186,
      1.5440692901611328,
      1.5174469947814941,
      1.4903186559677124,
      1.464693546295166,
      1.4406368732452393,
      1.4127402305603027,
      1.3891769647598267,
      1.365585207939148,
      1.3421152830123901,
      1.3177820444107056,
      1.2942414283752441,
      1.265526294708252,
      1.2409526109695435,
      1.2251250743865967,
      1.2032033205032349,
      1.1780704259872437,
      1.1595019102096558,
      1.140511393547058,
      1.129621982574463,
      1.110526442527771,
      1.0895845890045166,
      1.0772578716278076,
      1.063757300376892,
      1.0451021194458008,
      1.0352530479431152,
      1.0173287391662598,
      1.0057779550552368,
      0.9912486672401428,
      0.9779860377311707,
      0.9646170139312744,
      0.9496444463729858,
      0.9305171966552734,
      0.9267419576644897,
      0.909332275390625,
      0.9023858904838562,
      0.895325243473053,
      0.8796360492706299,
      0.8650370240211487,
      0.8572035431861877,
      0.8491845726966858,
      0.8349204063415527,
      0.8302687406539917,
      0.8188731670379639,
      0.8101291656494141,
      0.7946068048477173,
      0.7873685956001282,
      0.775668740272522,
      0.7732240557670593,
      0.7617338299751282,
      0.7505379319190979,
      0.7435323596000671,
      0.7305129766464233,
      0.7276758551597595,
      0.7184020280838013,
      0.7105219960212708,
      0.6999244689941406,
      0.6932475566864014
    ],
    "train_acc": [
      11.817708969116211,
      19.11458396911621,
      22.16145896911621,
      25.125,
      27.125,
      29.65625,
      31.84895896911621,
      33.55729293823242,
      34.66666793823242,
      36.708335876464844,
      38.03125,
      39.567710876464844,
      40.739585876464844,
      41.927085876464844,
      43.33854293823242,
      44.47916793823242,
      45.578125,
      46.734375,
      47.52604293823242,
      48.958335876464844,
      49.895835876464844,
      50.630210876464844,
      51.55729293823242,
      52.786460876464844,
      53.27604293823242,
      54.953125,
      55.302085876464844,
      56.223960876464844,
      57.328125,
      57.755210876464844,
      58.515625,
      59.380210876464844,
      59.71875,
      60.567710876464844,
      61.11979293823242,
      61.88541793823242,
      62.177085876464844,
      62.734375,
      63.4375,
      63.953125,
      64.75,
      64.91146087646484,
      65.33333587646484,
      66.09896087646484,
      66.98958587646484,
      67.11979675292969,
      67.36458587646484,
      67.74479675292969,
      67.921875,
      68.47396087646484,
      69.55208587646484,
      69.56771087646484,
      69.5,
      70.25,
      70.30208587646484,
      70.80208587646484,
      71.22917175292969,
      71.78646087646484,
      71.6875,
      72.69271087646484,
      72.78646087646484,
      73.05729675292969,
      73.18229675292969,
      73.671875,
      74.00521087646484,
      74.15625,
      74.86458587646484,
      74.72917175292969,
      75.16667175292969,
      75.43229675292969
    ],
    "test_loss": [
      2.2413041591644287,
      2.1299002170562744,
      2.0350117683410645,
      1.9551255702972412,
      1.8644968271255493,
      1.7895240783691406,
      1.7548130750656128,
      1.6797760725021362,
      1.6150543689727783,
      1.5606729984283447,
      1.568238615989685,
      1.510428547859192,
      1.487631916999817,
      1.452231764793396,
      1.4561599493026733,
      1.3847192525863647,
      1.3785786628723145,
      1.3390101194381714,
      1.3191837072372437,
      1.2795417308807373,
      1.259839653968811,
      1.2424992322921753,
      1.2283216714859009,
      1.1966280937194824,
      1.1626609563827515,
      1.1374976634979248,
      1.1419516801834106,
      1.1006247997283936,
      1.0838085412979126,
      1.053033471107483,
      1.0349698066711426,
      1.0740859508514404,
      1.0142544507980347,
      1.0043072700500488,
      0.9683068990707397,
      0.9939203858375549,
      0.9566125273704529,
      0.9259522557258606,
      0.9370773434638977,
      0.9005094170570374,
      0.9188126921653748,
      0.9234344363212585,
      0.8834986090660095,
      0.8718801736831665,
      0.8753471970558167,
      0.8506925702095032,
      0.8599741458892822,
      0.8747833371162415,
      0.8427774310112,
      0.8274009823799133,
      0.8125598430633545,
      0.8172479271888733,
      0.8197979927062988,
      0.8010318279266357,
      0.8060402274131775,
      0.7748209238052368,
      0.7709709405899048,
      0.771851122379303,
      0.7716968655586243,
      0.766758143901825,
      0.8177563548088074,
      0.7987682819366455,
      0.7857045531272888,
      0.7479885220527649,
      0.7381764650344849,
      0.7332855463027954,
      0.7195925712585449,
      0.7498530745506287,
      0.7478880286216736,
      0.7266032695770264
    ],
    "test_acc": [
      18.145833333333332,
      18.791666666666668,
      22.895833333333332,
      26.8125,
      28.833333333333332,
      30.333333333333332,
      33.229166666666664,
      35.5,
      38.4375,
      41.125,
      41.0,
      43.291666666666664,
      43.729166666666664,
      44.791666666666664,
      45.833333333333336,
      47.895833333333336,
      48.5625,
      49.854166666666664,
      51.3125,
      52.770833333333336,
      53.729166666666664,
      54.625,
      54.6875,
      56.4375,
      58.0,
      58.3125,
      58.645833333333336,
      60.229166666666664,
      60.3125,
      62.020833333333336,
      62.458333333333336,
      61.833333333333336,
      63.9375,
      63.479166666666664,
      65.72916666666667,
      64.625,
      65.72916666666667,
      67.58333333333333,
      66.5625,
      68.27083333333333,
      67.8125,
      67.5,
      68.77083333333333,
      69.64583333333333,
      68.9375,
      70.39583333333333,
      69.6875,
      69.27083333333333,
      70.8125,
      71.3125,
      71.89583333333333,
      72.14583333333333,
      72.125,
      72.5,
      72.0,
      73.04166666666667,
      73.1875,
      73.35416666666667,
      73.54166666666667,
      73.5625,
      72.625,
      73.875,
      73.5,
      74.89583333333333,
      75.375,
      75.45833333333333,
      75.77083333333333,
      75.375,
      75.20833333333333,
      76.0625
    ]
  }
}