{
  "config": {
    "run_name": "exp2_1_L3_K64",
    "out_dir": "./results",
    "seed": 599461722,
    "device": null,
    "bs_train": 128,
    "bs_test": 32,
    "batches": 150,
    "epochs": 70,
    "early_stopping": 5,
    "checkpoints": null,
    "lr": 0.001,
    "reg": 0.001,
    "filters_per_layer": [
      64
    ],
    "pool_every": 4,
    "hidden_dims": [
      1000
    ],
    "model_type": "ycn",
    "pooling_params": {
      "kernel_size": 2
    },
    "conv_params": {
      "kernel_size": 3,
      "stride": 1,
      "padding": 1
    },
    "activation_type": "lrelu",
    "activation_params": {
      "negative_slope": 0.05
    },
    "pooling_type": "max",
    "kw": {},
    "layers_per_block": 3
  },
  "results": {
    "num_epochs": 22,
    "train_loss": [
      1.942042589187622,
      1.6374834775924683,
      1.5018646717071533,
      1.4106162786483765,
      1.333475947380066,
      1.2691534757614136,
      1.203696846961975,
      1.1408511400222778,
      1.0748698711395264,
      1.0119986534118652,
      0.9425706267356873,
      0.8758506178855896,
      0.8022686243057251,
      0.7311221957206726,
      0.6589783430099487,
      0.5829359889030457,
      0.5086969137191772,
      0.4423706531524658,
      0.38366490602493286,
      0.3378165066242218,
      0.3024709224700928,
      0.2685439884662628
    ],
    "train_acc": [
      30.385417938232422,
      41.90625,
      46.546875,
      49.9375,
      52.66666793823242,
      55.208335876464844,
      57.255210876464844,
      59.86979293823242,
      62.32291793823242,
      64.9375,
      67.60417175292969,
      69.90625,
      72.84375,
      75.5625,
      78.578125,
      81.34375,
      84.22396087646484,
      86.40625,
      88.58333587646484,
      90.11458587646484,
      91.09375,
      92.265625
    ],
    "test_loss": [
      1.6977238655090332,
      1.5155190229415894,
      1.4177931547164917,
      1.3480318784713745,
      1.3027421236038208,
      1.259934663772583,
      1.2331194877624512,
      1.2058110237121582,
      1.1830288171768188,
      1.1695733070373535,
      1.149114966392517,
      1.156788945198059,
      1.1436625719070435,
      1.1589359045028687,
      1.1748641729354858,
      1.1835992336273193,
      1.2226406335830688,
      1.2422937154769897,
      1.2653387784957886,
      1.3865209817886353,
      1.3562798500061035,
      1.3915594816207886
    ],
    "test_acc": [
      39.791666666666664,
      45.895833333333336,
      50.0625,
      52.5625,
      54.520833333333336,
      55.75,
      56.625,
      57.479166666666664,
      58.1875,
      58.666666666666664,
      59.416666666666664,
      59.958333333333336,
      60.604166666666664,
      60.583333333333336,
      60.291666666666664,
      61.208333333333336,
      60.625,
      61.1875,
      61.041666666666664,
      59.166666666666664,
      60.125
    ]
  }
}