{
  "config": {
    "run_name": "exp2_1_L3_K32",
    "out_dir": "./results",
    "seed": 87861431,
    "device": null,
    "bs_train": 128,
    "bs_test": 32,
    "batches": 150,
    "epochs": 70,
    "early_stopping": 5,
    "checkpoints": null,
    "lr": 0.001,
    "reg": 0.001,
    "filters_per_layer": [
      32
    ],
    "pool_every": 4,
    "hidden_dims": [
      1000
    ],
    "model_type": "ycn",
    "pooling_params": {
      "kernel_size": 2
    },
    "conv_params": {
      "kernel_size": 3,
      "stride": 1,
      "padding": 1
    },
    "activation_type": "lrelu",
    "activation_params": {
      "negative_slope": 0.05
    },
    "pooling_type": "max",
    "kw": {},
    "layers_per_block": 3
  },
  "results": {
    "num_epochs": 28,
    "train_loss": [
      2.0691111087799072,
      1.7642370462417603,
      1.614112138748169,
      1.514484167098999,
      1.434410810470581,
      1.365258812904358,
      1.3059529066085815,
      1.2468693256378174,
      1.1857830286026,
      1.1350042819976807,
      1.0683891773223877,
      1.0215493440628052,
      0.9582899808883667,
      0.9084916114807129,
      0.8391732573509216,
      0.7728207111358643,
      0.6957159638404846,
      0.6310813426971436,
      0.5648880004882812,
      0.5037475824356079,
      0.4342382252216339,
      0.37110987305641174,
      0.3276643753051758,
      0.3023417294025421,
      0.29685652256011963,
      0.27117714285850525,
      0.23721519112586975,
      0.22281409800052643
    ],
    "train_acc": [
      25.322917938232422,
      38.01041793823242,
      43.04166793823242,
      46.630210876464844,
      49.40625,
      52.046875,
      54.0625,
      56.453125,
      58.33854293823242,
      60.640625,
      62.973960876464844,
      64.47917175292969,
      66.79167175292969,
      69.09375,
      71.72917175292969,
      74.11979675292969,
      76.79167175292969,
      79.41667175292969,
      82.03646087646484,
      84.59375,
      86.84375,
      89.39583587646484,
      90.57292175292969,
      91.453125,
      91.140625,
      91.91667175292969,
      93.17708587646484,
      93.765625
    ],
    "test_loss": [
      1.8467265367507935,
      1.6096858978271484,
      1.4989334344863892,
      1.4150270223617554,
      1.3592705726623535,
      1.3205410242080688,
      1.278525710105896,
      1.2462824583053589,
      1.2190343141555786,
      1.2075223922729492,
      1.2119276523590088,
      1.1850110292434692,
      1.1487982273101807,
      1.1548124551773071,
      1.1567425727844238,
      1.177280068397522,
      1.1610233783721924,
      1.1706297397613525,
      1.1902523040771484,
      1.2144323587417603,
      1.287753939628601,
      1.2611885070800781,
      1.3574957847595215,
      1.3824390172958374,
      1.4026724100112915,
      1.4550012350082397,
      1.5934193134307861,
      1.6314804553985596
    ],
    "test_acc": [
      36.416666666666664,
      43.5,
      46.875,
      49.75,
      52.375,
      53.541666666666664,
      55.25,
      56.854166666666664,
      56.958333333333336,
      57.958333333333336,
      57.25,
      58.291666666666664,
      60.125,
      60.0,
      59.645833333333336,
      59.6875,
      60.5625,
      60.708333333333336,
      60.583333333333336,
      60.541666666666664,
      59.625,
      60.958333333333336,
      60.1875,
      59.479166666666664,
      59.270833333333336,
      58.791666666666664,
      57.520833333333336
    ]
  }
}